subject,body,label
Meeting agenda for Friday - 12,"Hello,
Thanks for your help on the project. Please send your feedback in the usual internal channel.
Best regards. 
Have a good day.",0
Password expiration warning - 74,"Hello,
A recent payment could not be processed. Sign in and update your card information to avoid suspension.
Please confirm your account. ",1
Confirm your identity now - 87,"Hello,
Failure to respond may result in permanent account suspension. Verify your details now.
Please verify now. 
This message requires immediate attention.",1
Document review request - 72,"Hello,
Hi team, attached are the notes from our meeting. Please review them before tomorrow afternoon.
Thanks. ",0
Welcome to the project - 85,"Hello,
We are sharing the agenda for Friday's meeting. No action is required before the discussion.
for your information. 
Reference: project ORION",0
Your travel itinerary - 82,"Hello,
Please find the approved invoice attached. Finance can process it through the normal procurement workflow.
let me know if you need anything. 
Have a good day.",0
Payment failed - action required - 16,"Hello,
We detected unusual activity on your account. Verify your identity immediately using the secure link below.
Please secure verification portal. 
Do not delay.",1
Project status report - 86,"Hello,
Please find the approved invoice attached. Finance can process it through the normal procurement workflow.
Best regards. 
Reference: project DELTA",0
Confirm your identity now - 49,"Hello,
Failure to respond may result in permanent account suspension. Verify your details now.
Please update payment details. 
Do not delay.",1
Welcome to the project - 97,"Hello,
The scheduled maintenance window is this Saturday from 10 PM to midnight. Services may be briefly unavailable.
Thanks. 
Sent from the company mail system.",0
Security alert: unusual login - 15,"Hello,
Failure to respond may result in permanent account suspension. Verify your details now.
Please secure verification portal. 
Reference: ticket 49608",1
Invoice for approved purchase - 63,"Hello,
Hi team, attached are the notes from our meeting. Please review them before tomorrow afternoon.
Best regards. 
Have a good day.",0
Welcome to the project - 59,"Hello,
The scheduled maintenance window is this Saturday from 10 PM to midnight. Services may be briefly unavailable.
Thanks. 
Sent from the company mail system.",0
Unusual activity detected - 29,"Hello,
You have received a secure document. Open the attachment and enter your credentials to view it.
Please verify now. 
This message requires immediate attention.",1
Quarterly planning notes - 26,"Hello,
The project milestone is on track. Let me know if you have questions about the next sprint.
Thanks. 
Have a good day.",0
Payment failed - action required - 73,"Hello,
We detected unusual activity on your account. Verify your identity immediately using the secure link below.
Please validate your credentials. ",1
Password expiration warning - 71,"Hello,
Our security team needs you to confirm your login information after a suspicious sign-in.
Please secure verification portal. 
This message requires immediate attention.",1
Confirm your identity now - 79,"Hello,
A recent payment could not be processed. Sign in and update your card information to avoid suspension.
Please click the link. 
This message requires immediate attention.",1
Your mailbox will be suspended - 18,"Hello,
We detected unusual activity on your account. Verify your identity immediately using the secure link below.
Please update payment details. 
Reference: ticket 76426",1
Your travel itinerary - 7,"Hello,
Thanks for your help on the project. Please send your feedback in the usual internal channel.
for your information. 
Reference: project DELTA",0
Your travel itinerary - 51,"Hello,
Please find the approved invoice attached. Finance can process it through the normal procurement workflow.
Best regards. 
Reference: project DELTA",0
Document review request - 28,"Hello,
The scheduled maintenance window is this Saturday from 10 PM to midnight. Services may be briefly unavailable.
Please review. 
Sent from the company mail system.",0
Invoice for approved purchase - 36,"Hello,
The project milestone is on track. Let me know if you have questions about the next sprint.
for your information. ",0
Password expiration warning - 36,"Hello,
Our security team needs you to confirm your login information after a suspicious sign-in.
Please secure verification portal. 
This message requires immediate attention.",1
Welcome to the project - 95,"Hello,
Hi team, attached are the notes from our meeting. Please review them before tomorrow afternoon.
Best regards. 
Have a good day.",0
Your travel itinerary - 93,"Hello,
Thanks for your help on the project. Please send your feedback in the usual internal channel.
let me know if you need anything. 
Reference: project DELTA",0
System maintenance notice - 43,"Hello,
Please find the approved invoice attached. Finance can process it through the normal procurement workflow.
attached for reference. 
Have a good day.",0
Quarterly planning notes - 97,"Hello,
The scheduled maintenance window is this Saturday from 10 PM to midnight. Services may be briefly unavailable.
Thanks. 
Have a good day.",0
Unusual activity detected - 93,"Hello,
We detected unusual activity on your account. Verify your identity immediately using the secure link below.
Please confirm your account. 
Reference: ticket 85220",1
Document review request - 89,"Hello,
The scheduled maintenance window is this Saturday from 10 PM to midnight. Services may be briefly unavailable.
for your information. 
Have a good day.",0
Important security notice - 58,"Hello,
Your account will be locked within 24 hours unless you confirm your password and billing details.
Please validate your credentials. 
This message requires immediate attention.",1
Lunch and learn invitation - 20,"Hello,
We are sharing the agenda for Friday's meeting. No action is required before the discussion.
let me know if you need anything. 
Reference: project DELTA",0
Unusual activity detected - 36,"Hello,
A recent payment could not be processed. Sign in and update your card information to avoid suspension.
Please verify now. 
Reference: ticket 22097",1
Document review request - 16,"Hello,
Hi team, attached are the notes from our meeting. Please review them before tomorrow afternoon.
let me know if you need anything. 
Reference: project ORION",0
Weekly team update - 95,"Hello,
The scheduled maintenance window is this Saturday from 10 PM to midnight. Services may be briefly unavailable.
Thanks. 
Sent from the company mail system.",0
Your travel itinerary - 85,"Hello,
We are sharing the agenda for Friday's meeting. No action is required before the discussion.
Thanks. 
Have a good day.",0
System maintenance notice - 64,"Hello,
Thanks for your help on the project. Please send your feedback in the usual internal channel.
attached for reference. 
Sent from the company mail system.",0
Password expiration warning - 97,"Hello,
Our security team needs you to confirm your login information after a suspicious sign-in.
Please confirm your account. ",1
Payment failed - action required - 96,"Hello,
A recent payment could not be processed. Sign in and update your card information to avoid suspension.
Please confirm your account. ",1
Confirm your identity now - 47,"Hello,
Your account will be locked within 24 hours unless you confirm your password and billing details.
Please update payment details. 
This message requires immediate attention.",1
Urgent account verification required - 1,"Hello,
Our security team needs you to confirm your login information after a suspicious sign-in.
Please click the link. 
Do not delay.",1
Your mailbox will be suspended - 83,"Hello,
We detected unusual activity on your account. Verify your identity immediately using the secure link below.
Please click the link. 
Do not delay.",1
Payment failed - action required - 66,"Hello,
Failure to respond may result in permanent account suspension. Verify your details now.
Please confirm your account. 
Reference: ticket 45269",1
Password expiration warning - 20,"Hello,
Our security team needs you to confirm your login information after a suspicious sign-in.
Please update payment details. 
Reference: ticket 64568",1
Your travel itinerary - 32,"Hello,
Please find the approved invoice attached. Finance can process it through the normal procurement workflow.
Thanks. 
Sent from the company mail system.",0
Quarterly planning notes - 6,"Hello,
We are sharing the agenda for Friday's meeting. No action is required before the discussion.
Best regards. 
Have a good day.",0
Document review request - 1,"Hello,
Thanks for your help on the project. Please send your feedback in the usual internal channel.
let me know if you need anything. 
Sent from the company mail system.",0
Project status report - 47,"Hello,
Please find the approved invoice attached. Finance can process it through the normal procurement workflow.
Best regards. 
Reference: project ORION",0
Urgent account verification required - 69,"Hello,
A recent payment could not be processed. Sign in and update your card information to avoid suspension.
Please secure verification portal. 
Reference: ticket 98276",1
System maintenance notice - 31,"Hello,
Thanks for your help on the project. Please send your feedback in the usual internal channel.
let me know if you need anything. ",0
Urgent account verification required - 38,"Hello,
Failure to respond may result in permanent account suspension. Verify your details now.
Please verify now. ",1
Payment failed - action required - 69,"Hello,
A recent payment could not be processed. Sign in and update your card information to avoid suspension.
Please verify now. 
Do not delay.",1
System maintenance notice - 37,"Hello,
Thanks for your help on the project. Please send your feedback in the usual internal channel.
let me know if you need anything. 
Sent from the company mail system.",0
Quarterly planning notes - 14,"Hello,
Please find the approved invoice attached. Finance can process it through the normal procurement workflow.
let me know if you need anything. 
Sent from the company mail system.",0
Password expiration warning - 62,"Hello,
A recent payment could not be processed. Sign in and update your card information to avoid suspension.
Please click the link. ",1
Document review request - 48,"Hello,
Please find the approved invoice attached. Finance can process it through the normal procurement workflow.
attached for reference. 
Reference: project ALPHA",0
Quarterly planning notes - 76,"Hello,
We are sharing the agenda for Friday's meeting. No action is required before the discussion.
Best regards. 
Sent from the company mail system.",0
Confirm your identity now - 6,"Hello,
We detected unusual activity on your account. Verify your identity immediately using the secure link below.
Please update payment details. 
Do not delay.",1
Meeting agenda for Friday - 54,"Hello,
The scheduled maintenance window is this Saturday from 10 PM to midnight. Services may be briefly unavailable.
Please review. ",0
Your mailbox will be suspended - 35,"Hello,
Your account will be locked within 24 hours unless you confirm your password and billing details.
Please click the link. ",1
Urgent account verification required - 66,"Hello,
We detected unusual activity on your account. Verify your identity immediately using the secure link below.
Please click the link. 
This message requires immediate attention.",1
Password expiration warning - 74,"Hello,
You have received a secure document. Open the attachment and enter your credentials to view it.
Please update payment details. 
Do not delay.",1
Lunch and learn invitation - 86,"Hello,
Please find the approved invoice attached. Finance can process it through the normal procurement workflow.
Best regards. ",0
Important security notice - 91,"Hello,
Failure to respond may result in permanent account suspension. Verify your details now.
Please validate your credentials. ",1
Urgent account verification required - 7,"Hello,
Failure to respond may result in permanent account suspension. Verify your details now.
Please verify now. ",1
Welcome to the project - 33,"Hello,
Please find the approved invoice attached. Finance can process it through the normal procurement workflow.
Best regards. 
Have a good day.",0
Meeting agenda for Friday - 41,"Hello,
The scheduled maintenance window is this Saturday from 10 PM to midnight. Services may be briefly unavailable.
for your information. 
Have a good day.",0
Important security notice - 46,"Hello,
We detected unusual activity on your account. Verify your identity immediately using the secure link below.
Please verify now. ",1
Password expiration warning - 74,"Hello,
You have received a secure document. Open the attachment and enter your credentials to view it.
Please verify now. 
Reference: ticket 41091",1
Lunch and learn invitation - 60,"Hello,
Please find the approved invoice attached. Finance can process it through the normal procurement workflow.
Thanks. 
Have a good day.",0
Your travel itinerary - 42,"Hello,
The project milestone is on track. Let me know if you have questions about the next sprint.
let me know if you need anything. 
Reference: project DELTA",0
Welcome to the project - 3,"Hello,
The project milestone is on track. Let me know if you have questions about the next sprint.
let me know if you need anything. 
Have a good day.",0
Document review request - 98,"Hello,
Hi team, attached are the notes from our meeting. Please review them before tomorrow afternoon.
attached for reference. 
Have a good day.",0
Lunch and learn invitation - 91,"Hello,
We are sharing the agenda for Friday's meeting. No action is required before the discussion.
Best regards. 
Have a good day.",0
Payment failed - action required - 99,"Hello,
You have received a secure document. Open the attachment and enter your credentials to view it.
Please update payment details. ",1
Important security notice - 34,"Hello,
A recent payment could not be processed. Sign in and update your card information to avoid suspension.
Please validate your credentials. 
This message requires immediate attention.",1
Project status report - 25,"Hello,
The scheduled maintenance window is this Saturday from 10 PM to midnight. Services may be briefly unavailable.
Best regards. 
Reference: project DELTA",0
Quarterly planning notes - 91,"Hello,
The project milestone is on track. Let me know if you have questions about the next sprint.
Please review. 
Reference: project ALPHA",0
Your travel itinerary - 85,"Hello,
Hi team, attached are the notes from our meeting. Please review them before tomorrow afternoon.
Best regards. ",0
Confirm your identity now - 44,"Hello,
We detected unusual activity on your account. Verify your identity immediately using the secure link below.
Please validate your credentials. ",1
Document review request - 70,"Hello,
Thanks for your help on the project. Please send your feedback in the usual internal channel.
for your information. 
Reference: project DELTA",0
Important security notice - 58,"Hello,
Your account will be locked within 24 hours unless you confirm your password and billing details.
Please confirm your account. 
This message requires immediate attention.",1
Lunch and learn invitation - 36,"Hello,
We are sharing the agenda for Friday's meeting. No action is required before the discussion.
let me know if you need anything. 
Have a good day.",0
Payment failed - action required - 78,"Hello,
You have received a secure document. Open the attachment and enter your credentials to view it.
Please click the link. ",1
System maintenance notice - 68,"Hello,
Hi team, attached are the notes from our meeting. Please review them before tomorrow afternoon.
Thanks. ",0
Meeting agenda for Friday - 96,"Hello,
The project milestone is on track. Let me know if you have questions about the next sprint.
attached for reference. 
Have a good day.",0
System maintenance notice - 74,"Hello,
We are sharing the agenda for Friday's meeting. No action is required before the discussion.
Thanks. 
Reference: project ORION",0
Unusual activity detected - 64,"Hello,
Failure to respond may result in permanent account suspension. Verify your details now.
Please secure verification portal. 
Do not delay.",1
Quarterly planning notes - 53,"Hello,
Thanks for your help on the project. Please send your feedback in the usual internal channel.
attached for reference. 
Have a good day.",0
Payment failed - action required - 50,"Hello,
We detected unusual activity on your account. Verify your identity immediately using the secure link below.
Please validate your credentials. 
This message requires immediate attention.",1
Confirm your identity now - 15,"Hello,
Failure to respond may result in permanent account suspension. Verify your details now.
Please verify now. 
This message requires immediate attention.",1
Document review request - 89,"Hello,
Thanks for your help on the project. Please send your feedback in the usual internal channel.
Please review. 
Have a good day.",0
Your travel itinerary - 26,"Hello,
The project milestone is on track. Let me know if you have questions about the next sprint.
Best regards. 
Sent from the company mail system.",0
Invoice for approved purchase - 45,"Hello,
Thanks for your help on the project. Please send your feedback in the usual internal channel.
attached for reference. 
Sent from the company mail system.",0
Project status report - 67,"Hello,
The project milestone is on track. Let me know if you have questions about the next sprint.
Thanks. ",0
Payment failed - action required - 81,"Hello,
Our security team needs you to confirm your login information after a suspicious sign-in.
Please update payment details. 
Do not delay.",1
Confirm your identity now - 26,"Hello,
Your account will be locked within 24 hours unless you confirm your password and billing details.
Please click the link. 
Reference: ticket 66651",1
Quarterly planning notes - 70,"Hello,
Thanks for your help on the project. Please send your feedback in the usual internal channel.
Best regards. ",0
Weekly team update - 62,"Hello,
Hi team, attached are the notes from our meeting. Please review them before tomorrow afternoon.
attached for reference. ",0
Project status report - 51,"Hello,
We are sharing the agenda for Friday's meeting. No action is required before the discussion.
attached for reference. 
Have a good day.",0
Invoice for approved purchase - 98,"Hello,
Hi team, attached are the notes from our meeting. Please review them before tomorrow afternoon.
Best regards. ",0
Security alert: unusual login - 96,"Hello,
A recent payment could not be processed. Sign in and update your card information to avoid suspension.
Please secure verification portal. 
This message requires immediate attention.",1
Project status report - 52,"Hello,
The scheduled maintenance window is this Saturday from 10 PM to midnight. Services may be briefly unavailable.
Please review. ",0
Welcome to the project - 46,"Hello,
Hi team, attached are the notes from our meeting. Please review them before tomorrow afternoon.
Best regards. 
Reference: project DELTA",0
System maintenance notice - 62,"Hello,
Hi team, attached are the notes from our meeting. Please review them before tomorrow afternoon.
attached for reference. 
Have a good day.",0
Urgent account verification required - 35,"Hello,
Your account will be locked within 24 hours unless you confirm your password and billing details.
Please confirm your account. 
Reference: ticket 84289",1
Quarterly planning notes - 39,"Hello,
The scheduled maintenance window is this Saturday from 10 PM to midnight. Services may be briefly unavailable.
Best regards. 
Reference: project ORION",0
Meeting agenda for Friday - 34,"Hello,
Please find the approved invoice attached. Finance can process it through the normal procurement workflow.
attached for reference. ",0
Invoice for approved purchase - 26,"Hello,
Thanks for your help on the project. Please send your feedback in the usual internal channel.
for your information. 
Sent from the company mail system.",0
Weekly team update - 7,"Hello,
Please find the approved invoice attached. Finance can process it through the normal procurement workflow.
Best regards. 
Reference: project DELTA",0
Unusual activity detected - 2,"Hello,
We detected unusual activity on your account. Verify your identity immediately using the secure link below.
Please verify now. 
Reference: ticket 79758",1
Confirm your identity now - 59,"Hello,
You have received a secure document. Open the attachment and enter your credentials to view it.
Please confirm your account. 
This message requires immediate attention.",1
Urgent account verification required - 97,"Hello,
Our security team needs you to confirm your login information after a suspicious sign-in.
Please validate your credentials. 
Reference: ticket 98797",1
Your mailbox will be suspended - 44,"Hello,
You have received a secure document. Open the attachment and enter your credentials to view it.
Please confirm your account. ",1
Your mailbox will be suspended - 79,"Hello,
You have received a secure document. Open the attachment and enter your credentials to view it.
Please validate your credentials. 
Reference: ticket 22978",1
Project status report - 50,"Hello,
Thanks for your help on the project. Please send your feedback in the usual internal channel.
Best regards. 
Reference: project ALPHA",0
Password expiration warning - 91,"Hello,
Our security team needs you to confirm your login information after a suspicious sign-in.
Please verify now. 
This message requires immediate attention.",1
Security alert: unusual login - 36,"Hello,
Your account will be locked within 24 hours unless you confirm your password and billing details.
Please validate your credentials. ",1
Password expiration warning - 60,"Hello,
A recent payment could not be processed. Sign in and update your card information to avoid suspension.
Please secure verification portal. 
Do not delay.",1
Your mailbox will be suspended - 91,"Hello,
Failure to respond may result in permanent account suspension. Verify your details now.
Please validate your credentials. 
This message requires immediate attention.",1
Lunch and learn invitation - 95,"Hello,
Hi team, attached are the notes from our meeting. Please review them before tomorrow afternoon.
Thanks. 
Reference: project ORION",0
Meeting agenda for Friday - 22,"Hello,
Please find the approved invoice attached. Finance can process it through the normal procurement workflow.
let me know if you need anything. 
Have a good day.",0
Confirm your identity now - 31,"Hello,
Your account will be locked within 24 hours unless you confirm your password and billing details.
Please update payment details. ",1
Welcome to the project - 39,"Hello,
Please find the approved invoice attached. Finance can process it through the normal procurement workflow.
Thanks. ",0
Unusual activity detected - 32,"Hello,
Your account will be locked within 24 hours unless you confirm your password and billing details.
Please click the link. 
Reference: ticket 27342",1
System maintenance notice - 28,"Hello,
We are sharing the agenda for Friday's meeting. No action is required before the discussion.
Please review. 
Sent from the company mail system.",0
Project status report - 86,"Hello,
The scheduled maintenance window is this Saturday from 10 PM to midnight. Services may be briefly unavailable.
let me know if you need anything. 
Have a good day.",0
Payment failed - action required - 31,"Hello,
Failure to respond may result in permanent account suspension. Verify your details now.
Please secure verification portal. ",1
Important security notice - 17,"Hello,
Failure to respond may result in permanent account suspension. Verify your details now.
Please secure verification portal. 
Do not delay.",1
Your mailbox will be suspended - 93,"Hello,
Your account will be locked within 24 hours unless you confirm your password and billing details.
Please validate your credentials. 
Do not delay.",1
Payment failed - action required - 59,"Hello,
Failure to respond may result in permanent account suspension. Verify your details now.
Please validate your credentials. 
Do not delay.",1
Confirm your identity now - 56,"Hello,
We detected unusual activity on your account. Verify your identity immediately using the secure link below.
Please validate your credentials. ",1
Urgent account verification required - 52,"Hello,
Your account will be locked within 24 hours unless you confirm your password and billing details.
Please confirm your account. ",1
Security alert: unusual login - 72,"Hello,
We detected unusual activity on your account. Verify your identity immediately using the secure link below.
Please click the link. 
This message requires immediate attention.",1
Unusual activity detected - 56,"Hello,
Your account will be locked within 24 hours unless you confirm your password and billing details.
Please update payment details. 
Reference: ticket 82487",1
Your mailbox will be suspended - 25,"Hello,
Your account will be locked within 24 hours unless you confirm your password and billing details.
Please confirm your account. 
This message requires immediate attention.",1
Weekly team update - 4,"Hello,
Please find the approved invoice attached. Finance can process it through the normal procurement workflow.
for your information. 
Have a good day.",0
Your mailbox will be suspended - 71,"Hello,
Your account will be locked within 24 hours unless you confirm your password and billing details.
Please secure verification portal. 
This message requires immediate attention.",1
Project status report - 37,"Hello,
Hi team, attached are the notes from our meeting. Please review them before tomorrow afternoon.
Please review. 
Sent from the company mail system.",0
Project status report - 40,"Hello,
The project milestone is on track. Let me know if you have questions about the next sprint.
attached for reference. ",0
Invoice for approved purchase - 25,"Hello,
Thanks for your help on the project. Please send your feedback in the usual internal channel.
Best regards. 
Reference: project ORION",0
Security alert: unusual login - 83,"Hello,
Our security team needs you to confirm your login information after a suspicious sign-in.
Please verify now. 
This message requires immediate attention.",1
Unusual activity detected - 88,"Hello,
Our security team needs you to confirm your login information after a suspicious sign-in.
Please validate your credentials. 
Do not delay.",1
Document review request - 3,"Hello,
Hi team, attached are the notes from our meeting. Please review them before tomorrow afternoon.
Thanks. 
Reference: project DELTA",0
Payment failed - action required - 54,"Hello,
Our security team needs you to confirm your login information after a suspicious sign-in.
Please click the link. ",1
Urgent account verification required - 11,"Hello,
You have received a secure document. Open the attachment and enter your credentials to view it.
Please verify now. 
Reference: ticket 48722",1
Quarterly planning notes - 75,"Hello,
The scheduled maintenance window is this Saturday from 10 PM to midnight. Services may be briefly unavailable.
Best regards. 
Sent from the company mail system.",0
Password expiration warning - 58,"Hello,
A recent payment could not be processed. Sign in and update your card information to avoid suspension.
Please verify now. 
This message requires immediate attention.",1
Confirm your identity now - 64,"Hello,
Your account will be locked within 24 hours unless you confirm your password and billing details.
Please validate your credentials. 
Do not delay.",1
Lunch and learn invitation - 1,"Hello,
We are sharing the agenda for Friday's meeting. No action is required before the discussion.
attached for reference. 
Reference: project ALPHA",0
Invoice for approved purchase - 36,"Hello,
Thanks for your help on the project. Please send your feedback in the usual internal channel.
for your information. 
Have a good day.",0
Important security notice - 7,"Hello,
You have received a secure document. Open the attachment and enter your credentials to view it.
Please update payment details. 
Reference: ticket 15930",1
Your mailbox will be suspended - 48,"Hello,
We detected unusual activity on your account. Verify your identity immediately using the secure link below.
Please confirm your account. 
Reference: ticket 76287",1
Document review request - 61,"Hello,
Please find the approved invoice attached. Finance can process it through the normal procurement workflow.
let me know if you need anything. 
Have a good day.",0
Lunch and learn invitation - 44,"Hello,
The scheduled maintenance window is this Saturday from 10 PM to midnight. Services may be briefly unavailable.
let me know if you need anything. 
Have a good day.",0
Quarterly planning notes - 57,"Hello,
Please find the approved invoice attached. Finance can process it through the normal procurement workflow.
let me know if you need anything. 
Sent from the company mail system.",0
Project status report - 46,"Hello,
Hi team, attached are the notes from our meeting. Please review them before tomorrow afternoon.
Please review. 
Reference: project DELTA",0
Meeting agenda for Friday - 43,"Hello,
The project milestone is on track. Let me know if you have questions about the next sprint.
for your information. ",0
Important security notice - 23,"Hello,
Failure to respond may result in permanent account suspension. Verify your details now.
Please secure verification portal. 
Reference: ticket 30052",1
Unusual activity detected - 10,"Hello,
Failure to respond may result in permanent account suspension. Verify your details now.
Please update payment details. ",1
Password expiration warning - 67,"Hello,
A recent payment could not be processed. Sign in and update your card information to avoid suspension.
Please click the link. ",1
Urgent account verification required - 92,"Hello,
Your account will be locked within 24 hours unless you confirm your password and billing details.
Please update payment details. ",1
Meeting agenda for Friday - 7,"Hello,
The scheduled maintenance window is this Saturday from 10 PM to midnight. Services may be briefly unavailable.
Best regards. 
Reference: project ALPHA",0
Quarterly planning notes - 49,"Hello,
We are sharing the agenda for Friday's meeting. No action is required before the discussion.
Please review. 
Sent from the company mail system.",0
Document review request - 55,"Hello,
The project milestone is on track. Let me know if you have questions about the next sprint.
for your information. 
Reference: project ORION",0
System maintenance notice - 5,"Hello,
The scheduled maintenance window is this Saturday from 10 PM to midnight. Services may be briefly unavailable.
let me know if you need anything. 
Reference: project DELTA",0
Confirm your identity now - 82,"Hello,
Failure to respond may result in permanent account suspension. Verify your details now.
Please click the link. 
Do not delay.",1
Lunch and learn invitation - 85,"Hello,
We are sharing the agenda for Friday's meeting. No action is required before the discussion.
Best regards. 
Reference: project ALPHA",0
Meeting agenda for Friday - 93,"Hello,
We are sharing the agenda for Friday's meeting. No action is required before the discussion.
let me know if you need anything. 
Sent from the company mail system.",0
Payment failed - action required - 9,"Hello,
Our security team needs you to confirm your login information after a suspicious sign-in.
Please update payment details. 
This message requires immediate attention.",1
Payment failed - action required - 58,"Hello,
Our security team needs you to confirm your login information after a suspicious sign-in.
Please validate your credentials. 
Do not delay.",1
Your travel itinerary - 55,"Hello,
We are sharing the agenda for Friday's meeting. No action is required before the discussion.
Best regards. ",0
Meeting agenda for Friday - 98,"Hello,
We are sharing the agenda for Friday's meeting. No action is required before the discussion.
attached for reference. 
Sent from the company mail system.",0
Unusual activity detected - 93,"Hello,
We detected unusual activity on your account. Verify your identity immediately using the secure link below.
Please click the link. ",1
Payment failed - action required - 11,"Hello,
We detected unusual activity on your account. Verify your identity immediately using the secure link below.
Please confirm your account. ",1
Quarterly planning notes - 23,"Hello,
We are sharing the agenda for Friday's meeting. No action is required before the discussion.
Please review. 
Reference: project ORION",0
Security alert: unusual login - 87,"Hello,
Your account will be locked within 24 hours unless you confirm your password and billing details.
Please verify now. 
This message requires immediate attention.",1
Lunch and learn invitation - 59,"Hello,
The scheduled maintenance window is this Saturday from 10 PM to midnight. Services may be briefly unavailable.
let me know if you need anything. 
Sent from the company mail system.",0
Payment failed - action required - 25,"Hello,
A recent payment could not be processed. Sign in and update your card information to avoid suspension.
Please verify now. 
Do not delay.",1
Password expiration warning - 84,"Hello,
A recent payment could not be processed. Sign in and update your card information to avoid suspension.
Please secure verification portal. 
Reference: ticket 53874",1
Invoice for approved purchase - 47,"Hello,
The project milestone is on track. Let me know if you have questions about the next sprint.
Best regards. 
Reference: project DELTA",0
Invoice for approved purchase - 89,"Hello,
We are sharing the agenda for Friday's meeting. No action is required before the discussion.
Thanks. 
Reference: project ALPHA",0
Important security notice - 67,"Hello,
Your account will be locked within 24 hours unless you confirm your password and billing details.
Please secure verification portal. 
This message requires immediate attention.",1
Your travel itinerary - 48,"Hello,
The project milestone is on track. Let me know if you have questions about the next sprint.
for your information. ",0
Confirm your identity now - 82,"Hello,
You have received a secure document. Open the attachment and enter your credentials to view it.
Please verify now. ",1
Your travel itinerary - 85,"Hello,
Please find the approved invoice attached. Finance can process it through the normal procurement workflow.
Best regards. 
Reference: project ORION",0
Your travel itinerary - 47,"Hello,
The project milestone is on track. Let me know if you have questions about the next sprint.
for your information. ",0
Urgent account verification required - 51,"Hello,
Your account will be locked within 24 hours unless you confirm your password and billing details.
Please secure verification portal. ",1
Password expiration warning - 76,"Hello,
A recent payment could not be processed. Sign in and update your card information to avoid suspension.
Please verify now. 
Do not delay.",1
Weekly team update - 19,"Hello,
Please find the approved invoice attached. Finance can process it through the normal procurement workflow.
for your information. 
Reference: project ORION",0
Your mailbox will be suspended - 16,"Hello,
Our security team needs you to confirm your login information after a suspicious sign-in.
Please update payment details. 
Do not delay.",1
Your mailbox will be suspended - 90,"Hello,
You have received a secure document. Open the attachment and enter your credentials to view it.
Please secure verification portal. 
Reference: ticket 37594",1
Unusual activity detected - 64,"Hello,
Failure to respond may result in permanent account suspension. Verify your details now.
Please secure verification portal. 
Reference: ticket 31802",1
Unusual activity detected - 33,"Hello,
We detected unusual activity on your account. Verify your identity immediately using the secure link below.
Please validate your credentials. 
This message requires immediate attention.",1
Important security notice - 61,"Hello,
Your account will be locked within 24 hours unless you confirm your password and billing details.
Please confirm your account. 
This message requires immediate attention.",1
Invoice for approved purchase - 89,"Hello,
Hi team, attached are the notes from our meeting. Please review them before tomorrow afternoon.
Thanks. 
Have a good day.",0
Confirm your identity now - 4,"Hello,
You have received a secure document. Open the attachment and enter your credentials to view it.
Please verify now. ",1
System maintenance notice - 9,"Hello,
Thanks for your help on the project. Please send your feedback in the usual internal channel.
let me know if you need anything. 
Sent from the company mail system.",0
Welcome to the project - 79,"Hello,
Hi team, attached are the notes from our meeting. Please review them before tomorrow afternoon.
Please review. 
Sent from the company mail system.",0
Document review request - 85,"Hello,
Thanks for your help on the project. Please send your feedback in the usual internal channel.
Thanks. 
Have a good day.",0
Your travel itinerary - 73,"Hello,
Thanks for your help on the project. Please send your feedback in the usual internal channel.
Please review. 
Sent from the company mail system.",0
Important security notice - 60,"Hello,
Failure to respond may result in permanent account suspension. Verify your details now.
Please confirm your account. ",1
Document review request - 71,"Hello,
We are sharing the agenda for Friday's meeting. No action is required before the discussion.
for your information. ",0
System maintenance notice - 49,"Hello,
Thanks for your help on the project. Please send your feedback in the usual internal channel.
attached for reference. 
Have a good day.",0
Confirm your identity now - 19,"Hello,
Your account will be locked within 24 hours unless you confirm your password and billing details.
Please update payment details. 
This message requires immediate attention.",1
Urgent account verification required - 83,"Hello,
Failure to respond may result in permanent account suspension. Verify your details now.
Please verify now. 
Do not delay.",1
Welcome to the project - 82,"Hello,
The project milestone is on track. Let me know if you have questions about the next sprint.
for your information. ",0
Your travel itinerary - 7,"Hello,
Please find the approved invoice attached. Finance can process it through the normal procurement workflow.
Please review. ",0
Meeting agenda for Friday - 87,"Hello,
Thanks for your help on the project. Please send your feedback in the usual internal channel.
for your information. 
Sent from the company mail system.",0
Your mailbox will be suspended - 35,"Hello,
A recent payment could not be processed. Sign in and update your card information to avoid suspension.
Please validate your credentials. 
This message requires immediate attention.",1
Your mailbox will be suspended - 84,"Hello,
Your account will be locked within 24 hours unless you confirm your password and billing details.
Please validate your credentials. 
Reference: ticket 67261",1
Weekly team update - 5,"Hello,
We are sharing the agenda for Friday's meeting. No action is required before the discussion.
Best regards. ",0
Weekly team update - 89,"Hello,
Thanks for your help on the project. Please send your feedback in the usual internal channel.
attached for reference. ",0
Important security notice - 29,"Hello,
Your account will be locked within 24 hours unless you confirm your password and billing details.
Please validate your credentials. 
This message requires immediate attention.",1
System maintenance notice - 2,"Hello,
Hi team, attached are the notes from our meeting. Please review them before tomorrow afternoon.
Best regards. 
Sent from the company mail system.",0
System maintenance notice - 50,"Hello,
Thanks for your help on the project. Please send your feedback in the usual internal channel.
attached for reference. 
Have a good day.",0
Password expiration warning - 4,"Hello,
Failure to respond may result in permanent account suspension. Verify your details now.
Please verify now. 
Do not delay.",1
System maintenance notice - 57,"Hello,
The scheduled maintenance window is this Saturday from 10 PM to midnight. Services may be briefly unavailable.
for your information. ",0
Welcome to the project - 44,"Hello,
The scheduled maintenance window is this Saturday from 10 PM to midnight. Services may be briefly unavailable.
Please review. ",0
Weekly team update - 51,"Hello,
The project milestone is on track. Let me know if you have questions about the next sprint.
Please review. ",0
Payment failed - action required - 38,"Hello,
A recent payment could not be processed. Sign in and update your card information to avoid suspension.
Please confirm your account. 
This message requires immediate attention.",1
System maintenance notice - 26,"Hello,
Thanks for your help on the project. Please send your feedback in the usual internal channel.
Thanks. 
Sent from the company mail system.",0
Welcome to the project - 74,"Hello,
Hi team, attached are the notes from our meeting. Please review them before tomorrow afternoon.
for your information. 
Have a good day.",0
Urgent account verification required - 65,"Hello,
Failure to respond may result in permanent account suspension. Verify your details now.
Please validate your credentials. 
Do not delay.",1
Confirm your identity now - 71,"Hello,
Failure to respond may result in permanent account suspension. Verify your details now.
Please secure verification portal. 
Reference: ticket 36698",1
Confirm your identity now - 54,"Hello,
We detected unusual activity on your account. Verify your identity immediately using the secure link below.
Please confirm your account. 
Do not delay.",1
Quarterly planning notes - 35,"Hello,
Thanks for your help on the project. Please send your feedback in the usual internal channel.
Please review. 
Have a good day.",0
Project status report - 33,"Hello,
Thanks for your help on the project. Please send your feedback in the usual internal channel.
let me know if you need anything. ",0
System maintenance notice - 68,"Hello,
We are sharing the agenda for Friday's meeting. No action is required before the discussion.
let me know if you need anything. 
Have a good day.",0
Meeting agenda for Friday - 24,"Hello,
Hi team, attached are the notes from our meeting. Please review them before tomorrow afternoon.
attached for reference. 
Sent from the company mail system.",0
Invoice for approved purchase - 83,"Hello,
The project milestone is on track. Let me know if you have questions about the next sprint.
for your information. 
Reference: project ALPHA",0
Document review request - 51,"Hello,
Please find the approved invoice attached. Finance can process it through the normal procurement workflow.
let me know if you need anything. 
Reference: project DELTA",0
Payment failed - action required - 12,"Hello,
We detected unusual activity on your account. Verify your identity immediately using the secure link below.
Please secure verification portal. 
Reference: ticket 68220",1
Your mailbox will be suspended - 27,"Hello,
Our security team needs you to confirm your login information after a suspicious sign-in.
Please click the link. ",1
Urgent account verification required - 86,"Hello,
A recent payment could not be processed. Sign in and update your card information to avoid suspension.
Please confirm your account. 
Do not delay.",1
Urgent account verification required - 77,"Hello,
Our security team needs you to confirm your login information after a suspicious sign-in.
Please update payment details. 
This message requires immediate attention.",1
Meeting agenda for Friday - 68,"Hello,
Thanks for your help on the project. Please send your feedback in the usual internal channel.
attached for reference. 
Sent from the company mail system.",0
Weekly team update - 74,"Hello,
We are sharing the agenda for Friday's meeting. No action is required before the discussion.
Thanks. 
Sent from the company mail system.",0
Unusual activity detected - 28,"Hello,
Our security team needs you to confirm your login information after a suspicious sign-in.
Please confirm your account. 
Reference: ticket 44741",1
Weekly team update - 94,"Hello,
Thanks for your help on the project. Please send your feedback in the usual internal channel.
attached for reference. 
Reference: project DELTA",0
Unusual activity detected - 55,"Hello,
You have received a secure document. Open the attachment and enter your credentials to view it.
Please update payment details. ",1
Unusual activity detected - 16,"Hello,
A recent payment could not be processed. Sign in and update your card information to avoid suspension.
Please update payment details. 
Reference: ticket 21401",1
Your travel itinerary - 21,"Hello,
Thanks for your help on the project. Please send your feedback in the usual internal channel.
let me know if you need anything. 
Reference: project ALPHA",0
Urgent account verification required - 89,"Hello,
Failure to respond may result in permanent account suspension. Verify your details now.
Please update payment details. 
Reference: ticket 25806",1
Payment failed - action required - 59,"Hello,
Our security team needs you to confirm your login information after a suspicious sign-in.
Please verify now. 
This message requires immediate attention.",1
System maintenance notice - 34,"Hello,
The project milestone is on track. Let me know if you have questions about the next sprint.
let me know if you need anything. 
Sent from the company mail system.",0
Unusual activity detected - 81,"Hello,
Failure to respond may result in permanent account suspension. Verify your details now.
Please secure verification portal. ",1
Security alert: unusual login - 79,"Hello,
We detected unusual activity on your account. Verify your identity immediately using the secure link below.
Please verify now. 
Reference: ticket 98580",1
Important security notice - 72,"Hello,
A recent payment could not be processed. Sign in and update your card information to avoid suspension.
Please confirm your account. 
Reference: ticket 91039",1
Invoice for approved purchase - 20,"Hello,
Please find the approved invoice attached. Finance can process it through the normal procurement workflow.
Thanks. ",0
Your mailbox will be suspended - 96,"Hello,
Failure to respond may result in permanent account suspension. Verify your details now.
Please validate your credentials. ",1
Welcome to the project - 3,"Hello,
Thanks for your help on the project. Please send your feedback in the usual internal channel.
Please review. 
Sent from the company mail system.",0
Important security notice - 21,"Hello,
You have received a secure document. Open the attachment and enter your credentials to view it.
Please validate your credentials. 
This message requires immediate attention.",1
Document review request - 9,"Hello,
Please find the approved invoice attached. Finance can process it through the normal procurement workflow.
attached for reference. 
Sent from the company mail system.",0
Important security notice - 29,"Hello,
Failure to respond may result in permanent account suspension. Verify your details now.
Please verify now. 
This message requires immediate attention.",1
Confirm your identity now - 35,"Hello,
You have received a secure document. Open the attachment and enter your credentials to view it.
Please secure verification portal. 
Do not delay.",1
Security alert: unusual login - 10,"Hello,
Our security team needs you to confirm your login information after a suspicious sign-in.
Please secure verification portal. 
This message requires immediate attention.",1
Meeting agenda for Friday - 63,"Hello,
The project milestone is on track. Let me know if you have questions about the next sprint.
Best regards. 
Have a good day.",0
Important security notice - 75,"Hello,
Failure to respond may result in permanent account suspension. Verify your details now.
Please validate your credentials. ",1
Confirm your identity now - 17,"Hello,
You have received a secure document. Open the attachment and enter your credentials to view it.
Please update payment details. ",1
Welcome to the project - 13,"Hello,
The scheduled maintenance window is this Saturday from 10 PM to midnight. Services may be briefly unavailable.
Best regards. 
Have a good day.",0
Payment failed - action required - 44,"Hello,
You have received a secure document. Open the attachment and enter your credentials to view it.
Please click the link. 
Reference: ticket 89997",1
System maintenance notice - 83,"Hello,
Please find the approved invoice attached. Finance can process it through the normal procurement workflow.
Thanks. 
Sent from the company mail system.",0
Unusual activity detected - 86,"Hello,
A recent payment could not be processed. Sign in and update your card information to avoid suspension.
Please confirm your account. ",1
Weekly team update - 68,"Hello,
Hi team, attached are the notes from our meeting. Please review them before tomorrow afternoon.
Thanks. 
Have a good day.",0
Password expiration warning - 90,"Hello,
We detected unusual activity on your account. Verify your identity immediately using the secure link below.
Please update payment details. 
Do not delay.",1
Your mailbox will be suspended - 65,"Hello,
We detected unusual activity on your account. Verify your identity immediately using the secure link below.
Please secure verification portal. 
This message requires immediate attention.",1
Important security notice - 76,"Hello,
Your account will be locked within 24 hours unless you confirm your password and billing details.
Please secure verification portal. 
This message requires immediate attention.",1
System maintenance notice - 45,"Hello,
We are sharing the agenda for Friday's meeting. No action is required before the discussion.
for your information. ",0
Quarterly planning notes - 83,"Hello,
The project milestone is on track. Let me know if you have questions about the next sprint.
attached for reference. ",0
Project status report - 47,"Hello,
We are sharing the agenda for Friday's meeting. No action is required before the discussion.
Best regards. 
Have a good day.",0
Welcome to the project - 18,"Hello,
The scheduled maintenance window is this Saturday from 10 PM to midnight. Services may be briefly unavailable.
Please review. ",0
Payment failed - action required - 96,"Hello,
Our security team needs you to confirm your login information after a suspicious sign-in.
Please secure verification portal. 
Reference: ticket 58823",1
Security alert: unusual login - 50,"Hello,
A recent payment could not be processed. Sign in and update your card information to avoid suspension.
Please secure verification portal. 
Reference: ticket 62431",1
Password expiration warning - 96,"Hello,
A recent payment could not be processed. Sign in and update your card information to avoid suspension.
Please validate your credentials. ",1
Unusual activity detected - 36,"Hello,
Your account will be locked within 24 hours unless you confirm your password and billing details.
Please verify now. 
Reference: ticket 31916",1
Invoice for approved purchase - 81,"Hello,
The project milestone is on track. Let me know if you have questions about the next sprint.
let me know if you need anything. 
Have a good day.",0
Confirm your identity now - 42,"Hello,
Failure to respond may result in permanent account suspension. Verify your details now.
Please update payment details. 
Reference: ticket 69597",1
Payment failed - action required - 35,"Hello,
Our security team needs you to confirm your login information after a suspicious sign-in.
Please click the link. 
This message requires immediate attention.",1
Payment failed - action required - 39,"Hello,
A recent payment could not be processed. Sign in and update your card information to avoid suspension.
Please confirm your account. 
Do not delay.",1
Password expiration warning - 68,"Hello,
Your account will be locked within 24 hours unless you confirm your password and billing details.
Please validate your credentials. ",1
Security alert: unusual login - 37,"Hello,
Failure to respond may result in permanent account suspension. Verify your details now.
Please click the link. 
This message requires immediate attention.",1
System maintenance notice - 63,"Hello,
Please find the approved invoice attached. Finance can process it through the normal procurement workflow.
let me know if you need anything. 
Reference: project DELTA",0
Password expiration warning - 9,"Hello,
Our security team needs you to confirm your login information after a suspicious sign-in.
Please verify now. 
Do not delay.",1
Important security notice - 65,"Hello,
You have received a secure document. Open the attachment and enter your credentials to view it.
Please secure verification portal. ",1
Important security notice - 56,"Hello,
We detected unusual activity on your account. Verify your identity immediately using the secure link below.
Please secure verification portal. ",1
Invoice for approved purchase - 89,"Hello,
Hi team, attached are the notes from our meeting. Please review them before tomorrow afternoon.
Best regards. 
Have a good day.",0
Password expiration warning - 25,"Hello,
A recent payment could not be processed. Sign in and update your card information to avoid suspension.
Please secure verification portal. 
Do not delay.",1
Quarterly planning notes - 70,"Hello,
Please find the approved invoice attached. Finance can process it through the normal procurement workflow.
Best regards. 
Have a good day.",0
Your mailbox will be suspended - 21,"Hello,
We detected unusual activity on your account. Verify your identity immediately using the secure link below.
Please verify now. ",1
Document review request - 26,"Hello,
The scheduled maintenance window is this Saturday from 10 PM to midnight. Services may be briefly unavailable.
attached for reference. ",0
Urgent account verification required - 59,"Hello,
We detected unusual activity on your account. Verify your identity immediately using the secure link below.
Please confirm your account. ",1
Urgent account verification required - 71,"Hello,
We detected unusual activity on your account. Verify your identity immediately using the secure link below.
Please secure verification portal. 
Reference: ticket 59710",1
Security alert: unusual login - 48,"Hello,
Failure to respond may result in permanent account suspension. Verify your details now.
Please confirm your account. ",1
Project status report - 41,"Hello,
Hi team, attached are the notes from our meeting. Please review them before tomorrow afternoon.
attached for reference. 
Reference: project ORION",0
Your mailbox will be suspended - 63,"Hello,
A recent payment could not be processed. Sign in and update your card information to avoid suspension.
Please click the link. 
This message requires immediate attention.",1
Important security notice - 69,"Hello,
We detected unusual activity on your account. Verify your identity immediately using the secure link below.
Please secure verification portal. 
This message requires immediate attention.",1
Project status report - 91,"Hello,
We are sharing the agenda for Friday's meeting. No action is required before the discussion.
Thanks. 
Have a good day.",0
Welcome to the project - 55,"Hello,
The project milestone is on track. Let me know if you have questions about the next sprint.
Best regards. ",0
Confirm your identity now - 21,"Hello,
You have received a secure document. Open the attachment and enter your credentials to view it.
Please click the link. 
Reference: ticket 79135",1
Meeting agenda for Friday - 74,"Hello,
We are sharing the agenda for Friday's meeting. No action is required before the discussion.
Best regards. ",0
Project status report - 34,"Hello,
We are sharing the agenda for Friday's meeting. No action is required before the discussion.
Best regards. 
Reference: project ORION",0
Your mailbox will be suspended - 62,"Hello,
A recent payment could not be processed. Sign in and update your card information to avoid suspension.
Please update payment details. 
Do not delay.",1
Document review request - 37,"Hello,
We are sharing the agenda for Friday's meeting. No action is required before the discussion.
for your information. ",0
Password expiration warning - 61,"Hello,
Failure to respond may result in permanent account suspension. Verify your details now.
Please verify now. 
Do not delay.",1
Welcome to the project - 72,"Hello,
The project milestone is on track. Let me know if you have questions about the next sprint.
Best regards. 
Have a good day.",0
Password expiration warning - 58,"Hello,
You have received a secure document. Open the attachment and enter your credentials to view it.
Please click the link. ",1
Unusual activity detected - 63,"Hello,
We detected unusual activity on your account. Verify your identity immediately using the secure link below.
Please update payment details. 
Reference: ticket 62096",1
Welcome to the project - 43,"Hello,
Thanks for your help on the project. Please send your feedback in the usual internal channel.
Please review. 
Reference: project ALPHA",0
Meeting agenda for Friday - 80,"Hello,
Thanks for your help on the project. Please send your feedback in the usual internal channel.
attached for reference. 
Sent from the company mail system.",0
Urgent account verification required - 9,"Hello,
Failure to respond may result in permanent account suspension. Verify your details now.
Please verify now. 
This message requires immediate attention.",1
Payment failed - action required - 85,"Hello,
You have received a secure document. Open the attachment and enter your credentials to view it.
Please validate your credentials. 
This message requires immediate attention.",1
Password expiration warning - 67,"Hello,
A recent payment could not be processed. Sign in and update your card information to avoid suspension.
Please click the link. ",1
Your travel itinerary - 12,"Hello,
Hi team, attached are the notes from our meeting. Please review them before tomorrow afternoon.
for your information. 
Reference: project ALPHA",0
Urgent account verification required - 28,"Hello,
You have received a secure document. Open the attachment and enter your credentials to view it.
Please update payment details. 
Reference: ticket 33834",1
Important security notice - 16,"Hello,
We detected unusual activity on your account. Verify your identity immediately using the secure link below.
Please secure verification portal. 
Do not delay.",1
Confirm your identity now - 50,"Hello,
We detected unusual activity on your account. Verify your identity immediately using the secure link below.
Please validate your credentials. ",1
Quarterly planning notes - 60,"Hello,
Hi team, attached are the notes from our meeting. Please review them before tomorrow afternoon.
Thanks. 
Reference: project ALPHA",0
Important security notice - 15,"Hello,
Your account will be locked within 24 hours unless you confirm your password and billing details.
Please verify now. 
Reference: ticket 43092",1
System maintenance notice - 70,"Hello,
The project milestone is on track. Let me know if you have questions about the next sprint.
for your information. ",0
Your mailbox will be suspended - 60,"Hello,
Failure to respond may result in permanent account suspension. Verify your details now.
Please verify now. 
Reference: ticket 33218",1
Quarterly planning notes - 90,"Hello,
Please find the approved invoice attached. Finance can process it through the normal procurement workflow.
Thanks. 
Sent from the company mail system.",0
Your travel itinerary - 31,"Hello,
The project milestone is on track. Let me know if you have questions about the next sprint.
Best regards. 
Reference: project ALPHA",0
Urgent account verification required - 29,"Hello,
Our security team needs you to confirm your login information after a suspicious sign-in.
Please confirm your account. 
Reference: ticket 95181",1
System maintenance notice - 17,"Hello,
Hi team, attached are the notes from our meeting. Please review them before tomorrow afternoon.
Please review. ",0
Document review request - 96,"Hello,
The scheduled maintenance window is this Saturday from 10 PM to midnight. Services may be briefly unavailable.
Please review. 
Have a good day.",0
Your mailbox will be suspended - 48,"Hello,
We detected unusual activity on your account. Verify your identity immediately using the secure link below.
Please click the link. ",1
Document review request - 33,"Hello,
We are sharing the agenda for Friday's meeting. No action is required before the discussion.
Thanks. 
Reference: project DELTA",0
Document review request - 83,"Hello,
The project milestone is on track. Let me know if you have questions about the next sprint.
attached for reference. 
Sent from the company mail system.",0
Document review request - 20,"Hello,
Please find the approved invoice attached. Finance can process it through the normal procurement workflow.
Please review. 
Reference: project ALPHA",0
Urgent account verification required - 98,"Hello,
Your account will be locked within 24 hours unless you confirm your password and billing details.
Please secure verification portal. ",1
System maintenance notice - 79,"Hello,
The scheduled maintenance window is this Saturday from 10 PM to midnight. Services may be briefly unavailable.
let me know if you need anything. 
Have a good day.",0
Important security notice - 71,"Hello,
Our security team needs you to confirm your login information after a suspicious sign-in.
Please secure verification portal. 
Do not delay.",1
Confirm your identity now - 40,"Hello,
Failure to respond may result in permanent account suspension. Verify your details now.
Please secure verification portal. 
Do not delay.",1
Security alert: unusual login - 26,"Hello,
A recent payment could not be processed. Sign in and update your card information to avoid suspension.
Please verify now. 
Reference: ticket 23928",1
Security alert: unusual login - 40,"Hello,
Your account will be locked within 24 hours unless you confirm your password and billing details.
Please update payment details. ",1
Confirm your identity now - 83,"Hello,
We detected unusual activity on your account. Verify your identity immediately using the secure link below.
Please verify now. 
Do not delay.",1
Urgent account verification required - 75,"Hello,
You have received a secure document. Open the attachment and enter your credentials to view it.
Please update payment details. 
Do not delay.",1
Confirm your identity now - 85,"Hello,
Our security team needs you to confirm your login information after a suspicious sign-in.
Please update payment details. 
Do not delay.",1
Quarterly planning notes - 36,"Hello,
Please find the approved invoice attached. Finance can process it through the normal procurement workflow.
attached for reference. 
Have a good day.",0
Password expiration warning - 29,"Hello,
We detected unusual activity on your account. Verify your identity immediately using the secure link below.
Please confirm your account. 
Do not delay.",1
Project status report - 48,"Hello,
The scheduled maintenance window is this Saturday from 10 PM to midnight. Services may be briefly unavailable.
let me know if you need anything. 
Have a good day.",0
Unusual activity detected - 52,"Hello,
Your account will be locked within 24 hours unless you confirm your password and billing details.
Please secure verification portal. 
Reference: ticket 54424",1
Meeting agenda for Friday - 64,"Hello,
Thanks for your help on the project. Please send your feedback in the usual internal channel.
let me know if you need anything. 
Have a good day.",0
Security alert: unusual login - 73,"Hello,
Failure to respond may result in permanent account suspension. Verify your details now.
Please confirm your account. ",1
System maintenance notice - 75,"Hello,
Please find the approved invoice attached. Finance can process it through the normal procurement workflow.
Thanks. 
Have a good day.",0
Password expiration warning - 87,"Hello,
Our security team needs you to confirm your login information after a suspicious sign-in.
Please verify now. 
Do not delay.",1
Lunch and learn invitation - 11,"Hello,
We are sharing the agenda for Friday's meeting. No action is required before the discussion.
Best regards. 
Reference: project ORION",0
Invoice for approved purchase - 8,"Hello,
We are sharing the agenda for Friday's meeting. No action is required before the discussion.
Please review. 
Reference: project ORION",0
Security alert: unusual login - 88,"Hello,
You have received a secure document. Open the attachment and enter your credentials to view it.
Please update payment details. ",1
Lunch and learn invitation - 4,"Hello,
The project milestone is on track. Let me know if you have questions about the next sprint.
attached for reference. 
Have a good day.",0
Payment failed - action required - 48,"Hello,
You have received a secure document. Open the attachment and enter your credentials to view it.
Please confirm your account. 
This message requires immediate attention.",1
Quarterly planning notes - 59,"Hello,
We are sharing the agenda for Friday's meeting. No action is required before the discussion.
Thanks. 
Reference: project ALPHA",0
Password expiration warning - 14,"Hello,
Your account will be locked within 24 hours unless you confirm your password and billing details.
Please confirm your account. ",1
Your travel itinerary - 4,"Hello,
We are sharing the agenda for Friday's meeting. No action is required before the discussion.
attached for reference. 
Reference: project DELTA",0
Document review request - 7,"Hello,
Thanks for your help on the project. Please send your feedback in the usual internal channel.
Please review. 
Reference: project ORION",0
Your mailbox will be suspended - 9,"Hello,
We detected unusual activity on your account. Verify your identity immediately using the secure link below.
Please click the link. 
Do not delay.",1
Your mailbox will be suspended - 5,"Hello,
We detected unusual activity on your account. Verify your identity immediately using the secure link below.
Please confirm your account. 
Reference: ticket 89635",1
Your travel itinerary - 67,"Hello,
Thanks for your help on the project. Please send your feedback in the usual internal channel.
Please review. ",0
Password expiration warning - 69,"Hello,
You have received a secure document. Open the attachment and enter your credentials to view it.
Please secure verification portal. ",1
Weekly team update - 55,"Hello,
The scheduled maintenance window is this Saturday from 10 PM to midnight. Services may be briefly unavailable.
attached for reference. 
Have a good day.",0
Your mailbox will be suspended - 79,"Hello,
We detected unusual activity on your account. Verify your identity immediately using the secure link below.
Please verify now. 
Reference: ticket 48038",1
Your mailbox will be suspended - 7,"Hello,
Failure to respond may result in permanent account suspension. Verify your details now.
Please validate your credentials. 
This message requires immediate attention.",1
Payment failed - action required - 81,"Hello,
Failure to respond may result in permanent account suspension. Verify your details now.
Please click the link. 
Do not delay.",1
Weekly team update - 67,"Hello,
The project milestone is on track. Let me know if you have questions about the next sprint.
for your information. ",0
Project status report - 12,"Hello,
Thanks for your help on the project. Please send your feedback in the usual internal channel.
Best regards. 
Sent from the company mail system.",0
Welcome to the project - 57,"Hello,
The scheduled maintenance window is this Saturday from 10 PM to midnight. Services may be briefly unavailable.
let me know if you need anything. ",0
Security alert: unusual login - 48,"Hello,
Failure to respond may result in permanent account suspension. Verify your details now.
Please secure verification portal. 
Do not delay.",1
Invoice for approved purchase - 85,"Hello,
The project milestone is on track. Let me know if you have questions about the next sprint.
attached for reference. 
Have a good day.",0
Your travel itinerary - 81,"Hello,
Please find the approved invoice attached. Finance can process it through the normal procurement workflow.
Best regards. 
Sent from the company mail system.",0
Unusual activity detected - 60,"Hello,
Your account will be locked within 24 hours unless you confirm your password and billing details.
Please update payment details. 
Reference: ticket 98907",1
Welcome to the project - 61,"Hello,
Thanks for your help on the project. Please send your feedback in the usual internal channel.
attached for reference. 
Have a good day.",0
Welcome to the project - 67,"Hello,
We are sharing the agenda for Friday's meeting. No action is required before the discussion.
let me know if you need anything. 
Have a good day.",0
Important security notice - 50,"Hello,
You have received a secure document. Open the attachment and enter your credentials to view it.
Please verify now. 
Reference: ticket 48253",1
Important security notice - 35,"Hello,
We detected unusual activity on your account. Verify your identity immediately using the secure link below.
Please click the link. ",1
Payment failed - action required - 86,"Hello,
Failure to respond may result in permanent account suspension. Verify your details now.
Please click the link. 
Reference: ticket 93665",1
Welcome to the project - 83,"Hello,
Hi team, attached are the notes from our meeting. Please review them before tomorrow afternoon.
let me know if you need anything. 
Reference: project ALPHA",0
Unusual activity detected - 71,"Hello,
Our security team needs you to confirm your login information after a suspicious sign-in.
Please secure verification portal. 
This message requires immediate attention.",1
Project status report - 85,"Hello,
We are sharing the agenda for Friday's meeting. No action is required before the discussion.
for your information. 
Sent from the company mail system.",0
Confirm your identity now - 7,"Hello,
You have received a secure document. Open the attachment and enter your credentials to view it.
Please confirm your account. 
Do not delay.",1
Password expiration warning - 51,"Hello,
You have received a secure document. Open the attachment and enter your credentials to view it.
Please click the link. 
This message requires immediate attention.",1
Security alert: unusual login - 20,"Hello,
A recent payment could not be processed. Sign in and update your card information to avoid suspension.
Please verify now. 
Do not delay.",1
Security alert: unusual login - 30,"Hello,
Your account will be locked within 24 hours unless you confirm your password and billing details.
Please validate your credentials. 
This message requires immediate attention.",1
Password expiration warning - 57,"Hello,
A recent payment could not be processed. Sign in and update your card information to avoid suspension.
Please verify now. 
Do not delay.",1
Meeting agenda for Friday - 24,"Hello,
The scheduled maintenance window is this Saturday from 10 PM to midnight. Services may be briefly unavailable.
Best regards. 
Sent from the company mail system.",0
Urgent account verification required - 14,"Hello,
A recent payment could not be processed. Sign in and update your card information to avoid suspension.
Please click the link. 
This message requires immediate attention.",1
Password expiration warning - 83,"Hello,
Our security team needs you to confirm your login information after a suspicious sign-in.
Please verify now. 
This message requires immediate attention.",1
Quarterly planning notes - 23,"Hello,
Please find the approved invoice attached. Finance can process it through the normal procurement workflow.
for your information. ",0
Welcome to the project - 85,"Hello,
The project milestone is on track. Let me know if you have questions about the next sprint.
attached for reference. 
Sent from the company mail system.",0
Document review request - 42,"Hello,
The project milestone is on track. Let me know if you have questions about the next sprint.
attached for reference. 
Reference: project ORION",0
Payment failed - action required - 31,"Hello,
A recent payment could not be processed. Sign in and update your card information to avoid suspension.
Please update payment details. 
Do not delay.",1
Your travel itinerary - 20,"Hello,
The scheduled maintenance window is this Saturday from 10 PM to midnight. Services may be briefly unavailable.
for your information. 
Reference: project DELTA",0
Lunch and learn invitation - 97,"Hello,
We are sharing the agenda for Friday's meeting. No action is required before the discussion.
attached for reference. 
Have a good day.",0
Meeting agenda for Friday - 87,"Hello,
Thanks for your help on the project. Please send your feedback in the usual internal channel.
Thanks. 
Have a good day.",0
Payment failed - action required - 6,"Hello,
Failure to respond may result in permanent account suspension. Verify your details now.
Please update payment details. 
Reference: ticket 24125",1
Password expiration warning - 26,"Hello,
Failure to respond may result in permanent account suspension. Verify your details now.
Please update payment details. 
This message requires immediate attention.",1
Your travel itinerary - 28,"Hello,
Thanks for your help on the project. Please send your feedback in the usual internal channel.
Please review. 
Have a good day.",0
Password expiration warning - 15,"Hello,
Failure to respond may result in permanent account suspension. Verify your details now.
Please click the link. ",1
Important security notice - 30,"Hello,
You have received a secure document. Open the attachment and enter your credentials to view it.
Please click the link. ",1
Quarterly planning notes - 95,"Hello,
We are sharing the agenda for Friday's meeting. No action is required before the discussion.
Thanks. 
Have a good day.",0
Quarterly planning notes - 95,"Hello,
The project milestone is on track. Let me know if you have questions about the next sprint.
attached for reference. 
Have a good day.",0
Your travel itinerary - 23,"Hello,
The project milestone is on track. Let me know if you have questions about the next sprint.
Best regards. 
Have a good day.",0
Password expiration warning - 35,"Hello,
Your account will be locked within 24 hours unless you confirm your password and billing details.
Please secure verification portal. 
Reference: ticket 37767",1
System maintenance notice - 2,"Hello,
The project milestone is on track. Let me know if you have questions about the next sprint.
let me know if you need anything. 
Reference: project DELTA",0
Password expiration warning - 97,"Hello,
Our security team needs you to confirm your login information after a suspicious sign-in.
Please secure verification portal. ",1
Lunch and learn invitation - 37,"Hello,
The project milestone is on track. Let me know if you have questions about the next sprint.
attached for reference. ",0
Important security notice - 88,"Hello,
You have received a secure document. Open the attachment and enter your credentials to view it.
Please click the link. ",1
Invoice for approved purchase - 81,"Hello,
Please find the approved invoice attached. Finance can process it through the normal procurement workflow.
Best regards. 
Have a good day.",0
Welcome to the project - 34,"Hello,
The project milestone is on track. Let me know if you have questions about the next sprint.
attached for reference. 
Have a good day.",0
Payment failed - action required - 69,"Hello,
Failure to respond may result in permanent account suspension. Verify your details now.
Please secure verification portal. 
Do not delay.",1
System maintenance notice - 91,"Hello,
Hi team, attached are the notes from our meeting. Please review them before tomorrow afternoon.
Please review. 
Reference: project DELTA",0
Quarterly planning notes - 11,"Hello,
Thanks for your help on the project. Please send your feedback in the usual internal channel.
Please review. ",0
Unusual activity detected - 59,"Hello,
We detected unusual activity on your account. Verify your identity immediately using the secure link below.
Please verify now. 
Reference: ticket 30707",1
Project status report - 77,"Hello,
Hi team, attached are the notes from our meeting. Please review them before tomorrow afternoon.
Thanks. 
Reference: project ALPHA",0
Your travel itinerary - 62,"Hello,
Thanks for your help on the project. Please send your feedback in the usual internal channel.
Thanks. ",0
Document review request - 21,"Hello,
Thanks for your help on the project. Please send your feedback in the usual internal channel.
Thanks. 
Sent from the company mail system.",0
Invoice for approved purchase - 52,"Hello,
Hi team, attached are the notes from our meeting. Please review them before tomorrow afternoon.
Best regards. ",0
Security alert: unusual login - 32,"Hello,
Our security team needs you to confirm your login information after a suspicious sign-in.
Please verify now. ",1
Confirm your identity now - 97,"Hello,
Our security team needs you to confirm your login information after a suspicious sign-in.
Please validate your credentials. 
Do not delay.",1
System maintenance notice - 51,"Hello,
The scheduled maintenance window is this Saturday from 10 PM to midnight. Services may be briefly unavailable.
attached for reference. 
Reference: project ORION",0
Security alert: unusual login - 17,"Hello,
We detected unusual activity on your account. Verify your identity immediately using the secure link below.
Please secure verification portal. 
This message requires immediate attention.",1
System maintenance notice - 51,"Hello,
Thanks for your help on the project. Please send your feedback in the usual internal channel.
for your information. 
Reference: project DELTA",0
Your travel itinerary - 19,"Hello,
Hi team, attached are the notes from our meeting. Please review them before tomorrow afternoon.
attached for reference. 
Reference: project ALPHA",0
Lunch and learn invitation - 86,"Hello,
The project milestone is on track. Let me know if you have questions about the next sprint.
let me know if you need anything. 
Have a good day.",0
Confirm your identity now - 75,"Hello,
Failure to respond may result in permanent account suspension. Verify your details now.
Please click the link. 
Reference: ticket 91737",1
Welcome to the project - 19,"Hello,
Please find the approved invoice attached. Finance can process it through the normal procurement workflow.
attached for reference. 
Reference: project ALPHA",0
Urgent account verification required - 72,"Hello,
We detected unusual activity on your account. Verify your identity immediately using the secure link below.
Please secure verification portal. ",1
Urgent account verification required - 43,"Hello,
We detected unusual activity on your account. Verify your identity immediately using the secure link below.
Please confirm your account. 
Do not delay.",1
Meeting agenda for Friday - 26,"Hello,
Thanks for your help on the project. Please send your feedback in the usual internal channel.
for your information. 
Sent from the company mail system.",0
Password expiration warning - 63,"Hello,
You have received a secure document. Open the attachment and enter your credentials to view it.
Please confirm your account. 
This message requires immediate attention.",1
Welcome to the project - 36,"Hello,
We are sharing the agenda for Friday's meeting. No action is required before the discussion.
for your information. 
Sent from the company mail system.",0
Your travel itinerary - 94,"Hello,
Thanks for your help on the project. Please send your feedback in the usual internal channel.
Please review. 
Sent from the company mail system.",0
Payment failed - action required - 14,"Hello,
Your account will be locked within 24 hours unless you confirm your password and billing details.
Please validate your credentials. 
Do not delay.",1
Important security notice - 50,"Hello,
You have received a secure document. Open the attachment and enter your credentials to view it.
Please click the link. ",1
Weekly team update - 91,"Hello,
Hi team, attached are the notes from our meeting. Please review them before tomorrow afternoon.
for your information. 
Sent from the company mail system.",0
Urgent account verification required - 45,"Hello,
Our security team needs you to confirm your login information after a suspicious sign-in.
Please validate your credentials. 
Reference: ticket 31511",1
System maintenance notice - 15,"Hello,
The scheduled maintenance window is this Saturday from 10 PM to midnight. Services may be briefly unavailable.
let me know if you need anything. ",0
Urgent account verification required - 80,"Hello,
Our security team needs you to confirm your login information after a suspicious sign-in.
Please verify now. 
This message requires immediate attention.",1
Project status report - 2,"Hello,
The project milestone is on track. Let me know if you have questions about the next sprint.
Thanks. 
Reference: project DELTA",0
Welcome to the project - 16,"Hello,
We are sharing the agenda for Friday's meeting. No action is required before the discussion.
for your information. 
Have a good day.",0
Password expiration warning - 40,"Hello,
We detected unusual activity on your account. Verify your identity immediately using the secure link below.
Please secure verification portal. ",1
Meeting agenda for Friday - 15,"Hello,
Please find the approved invoice attached. Finance can process it through the normal procurement workflow.
let me know if you need anything. 
Have a good day.",0
Urgent account verification required - 84,"Hello,
We detected unusual activity on your account. Verify your identity immediately using the secure link below.
Please verify now. 
This message requires immediate attention.",1
Welcome to the project - 18,"Hello,
Thanks for your help on the project. Please send your feedback in the usual internal channel.
Thanks. 
Sent from the company mail system.",0
System maintenance notice - 45,"Hello,
The scheduled maintenance window is this Saturday from 10 PM to midnight. Services may be briefly unavailable.
for your information. 
Sent from the company mail system.",0
Urgent account verification required - 36,"Hello,
Failure to respond may result in permanent account suspension. Verify your details now.
Please update payment details. 
Reference: ticket 90589",1
System maintenance notice - 22,"Hello,
Hi team, attached are the notes from our meeting. Please review them before tomorrow afternoon.
attached for reference. 
Have a good day.",0
Confirm your identity now - 62,"Hello,
We detected unusual activity on your account. Verify your identity immediately using the secure link below.
Please confirm your account. 
Reference: ticket 68877",1
Document review request - 77,"Hello,
We are sharing the agenda for Friday's meeting. No action is required before the discussion.
Best regards. 
Sent from the company mail system.",0
Invoice for approved purchase - 42,"Hello,
Hi team, attached are the notes from our meeting. Please review them before tomorrow afternoon.
Best regards. 
Have a good day.",0
Your mailbox will be suspended - 95,"Hello,
You have received a secure document. Open the attachment and enter your credentials to view it.
Please validate your credentials. 
Do not delay.",1
Security alert: unusual login - 26,"Hello,
Failure to respond may result in permanent account suspension. Verify your details now.
Please secure verification portal. 
This message requires immediate attention.",1
Security alert: unusual login - 11,"Hello,
We detected unusual activity on your account. Verify your identity immediately using the secure link below.
Please confirm your account. 
This message requires immediate attention.",1
Security alert: unusual login - 56,"Hello,
Your account will be locked within 24 hours unless you confirm your password and billing details.
Please update payment details. 
Do not delay.",1
Password expiration warning - 98,"Hello,
A recent payment could not be processed. Sign in and update your card information to avoid suspension.
Please update payment details. 
Do not delay.",1
Weekly team update - 14,"Hello,
We are sharing the agenda for Friday's meeting. No action is required before the discussion.
attached for reference. 
Sent from the company mail system.",0
Confirm your identity now - 24,"Hello,
We detected unusual activity on your account. Verify your identity immediately using the secure link below.
Please validate your credentials. 
Reference: ticket 81319",1
Meeting agenda for Friday - 59,"Hello,
We are sharing the agenda for Friday's meeting. No action is required before the discussion.
let me know if you need anything. 
Have a good day.",0
Urgent account verification required - 94,"Hello,
We detected unusual activity on your account. Verify your identity immediately using the secure link below.
Please secure verification portal. 
This message requires immediate attention.",1
Security alert: unusual login - 57,"Hello,
You have received a secure document. Open the attachment and enter your credentials to view it.
Please verify now. ",1
Security alert: unusual login - 11,"Hello,
You have received a secure document. Open the attachment and enter your credentials to view it.
Please validate your credentials. ",1
System maintenance notice - 42,"Hello,
Thanks for your help on the project. Please send your feedback in the usual internal channel.
Best regards. 
Sent from the company mail system.",0
Your travel itinerary - 19,"Hello,
The project milestone is on track. Let me know if you have questions about the next sprint.
attached for reference. ",0
Payment failed - action required - 29,"Hello,
We detected unusual activity on your account. Verify your identity immediately using the secure link below.
Please validate your credentials. 
Do not delay.",1
Payment failed - action required - 37,"Hello,
Our security team needs you to confirm your login information after a suspicious sign-in.
Please update payment details. ",1
Weekly team update - 83,"Hello,
The project milestone is on track. Let me know if you have questions about the next sprint.
for your information. 
Reference: project ORION",0
Document review request - 88,"Hello,
Thanks for your help on the project. Please send your feedback in the usual internal channel.
let me know if you need anything. ",0
Password expiration warning - 20,"Hello,
Our security team needs you to confirm your login information after a suspicious sign-in.
Please update payment details. ",1
Password expiration warning - 30,"Hello,
A recent payment could not be processed. Sign in and update your card information to avoid suspension.
Please verify now. 
Reference: ticket 79444",1
Quarterly planning notes - 7,"Hello,
Hi team, attached are the notes from our meeting. Please review them before tomorrow afternoon.
let me know if you need anything. ",0
Password expiration warning - 97,"Hello,
You have received a secure document. Open the attachment and enter your credentials to view it.
Please verify now. 
This message requires immediate attention.",1
Project status report - 24,"Hello,
Please find the approved invoice attached. Finance can process it through the normal procurement workflow.
let me know if you need anything. 
Have a good day.",0
Lunch and learn invitation - 3,"Hello,
We are sharing the agenda for Friday's meeting. No action is required before the discussion.
Best regards. 
Have a good day.",0
Invoice for approved purchase - 64,"Hello,
The project milestone is on track. Let me know if you have questions about the next sprint.
attached for reference. 
Sent from the company mail system.",0
Urgent account verification required - 13,"Hello,
Your account will be locked within 24 hours unless you confirm your password and billing details.
Please click the link. 
This message requires immediate attention.",1
Document review request - 37,"Hello,
The scheduled maintenance window is this Saturday from 10 PM to midnight. Services may be briefly unavailable.
Thanks. ",0
Important security notice - 97,"Hello,
We detected unusual activity on your account. Verify your identity immediately using the secure link below.
Please confirm your account. 
Do not delay.",1
Password expiration warning - 24,"Hello,
Our security team needs you to confirm your login information after a suspicious sign-in.
Please secure verification portal. 
Reference: ticket 84572",1
Quarterly planning notes - 88,"Hello,
Please find the approved invoice attached. Finance can process it through the normal procurement workflow.
Best regards. 
Have a good day.",0
Security alert: unusual login - 91,"Hello,
We detected unusual activity on your account. Verify your identity immediately using the secure link below.
Please confirm your account. 
This message requires immediate attention.",1
System maintenance notice - 47,"Hello,
Hi team, attached are the notes from our meeting. Please review them before tomorrow afternoon.
let me know if you need anything. ",0
Quarterly planning notes - 4,"Hello,
The scheduled maintenance window is this Saturday from 10 PM to midnight. Services may be briefly unavailable.
Thanks. 
Sent from the company mail system.",0
Project status report - 29,"Hello,
Hi team, attached are the notes from our meeting. Please review them before tomorrow afternoon.
for your information. 
Have a good day.",0
Security alert: unusual login - 45,"Hello,
We detected unusual activity on your account. Verify your identity immediately using the secure link below.
Please click the link. 
This message requires immediate attention.",1
Quarterly planning notes - 45,"Hello,
Please find the approved invoice attached. Finance can process it through the normal procurement workflow.
attached for reference. 
Reference: project DELTA",0
Confirm your identity now - 4,"Hello,
Failure to respond may result in permanent account suspension. Verify your details now.
Please validate your credentials. 
This message requires immediate attention.",1
Project status report - 26,"Hello,
Please find the approved invoice attached. Finance can process it through the normal procurement workflow.
Best regards. 
Sent from the company mail system.",0
Important security notice - 9,"Hello,
Your account will be locked within 24 hours unless you confirm your password and billing details.
Please confirm your account. 
Do not delay.",1
Lunch and learn invitation - 91,"Hello,
Thanks for your help on the project. Please send your feedback in the usual internal channel.
let me know if you need anything. 
Sent from the company mail system.",0
Invoice for approved purchase - 37,"Hello,
The scheduled maintenance window is this Saturday from 10 PM to midnight. Services may be briefly unavailable.
attached for reference. 
Reference: project DELTA",0
Your travel itinerary - 74,"Hello,
Hi team, attached are the notes from our meeting. Please review them before tomorrow afternoon.
let me know if you need anything. 
Sent from the company mail system.",0
Urgent account verification required - 9,"Hello,
You have received a secure document. Open the attachment and enter your credentials to view it.
Please confirm your account. 
Do not delay.",1
Lunch and learn invitation - 5,"Hello,
Thanks for your help on the project. Please send your feedback in the usual internal channel.
attached for reference. 
Have a good day.",0
Password expiration warning - 25,"Hello,
Failure to respond may result in permanent account suspension. Verify your details now.
Please update payment details. 
Do not delay.",1
Meeting agenda for Friday - 90,"Hello,
Thanks for your help on the project. Please send your feedback in the usual internal channel.
attached for reference. 
Have a good day.",0
Meeting agenda for Friday - 56,"Hello,
Please find the approved invoice attached. Finance can process it through the normal procurement workflow.
Best regards. 
Have a good day.",0
Security alert: unusual login - 9,"Hello,
Failure to respond may result in permanent account suspension. Verify your details now.
Please validate your credentials. 
Do not delay.",1
Urgent account verification required - 82,"Hello,
You have received a secure document. Open the attachment and enter your credentials to view it.
Please verify now. 
This message requires immediate attention.",1
Payment failed - action required - 24,"Hello,
Our security team needs you to confirm your login information after a suspicious sign-in.
Please secure verification portal. 
Reference: ticket 28373",1
Password expiration warning - 97,"Hello,
Your account will be locked within 24 hours unless you confirm your password and billing details.
Please confirm your account. ",1
Security alert: unusual login - 92,"Hello,
Your account will be locked within 24 hours unless you confirm your password and billing details.
Please verify now. 
Do not delay.",1
Important security notice - 46,"Hello,
You have received a secure document. Open the attachment and enter your credentials to view it.
Please validate your credentials. 
This message requires immediate attention.",1
Your travel itinerary - 85,"Hello,
We are sharing the agenda for Friday's meeting. No action is required before the discussion.
for your information. 
Sent from the company mail system.",0
Important security notice - 24,"Hello,
You have received a secure document. Open the attachment and enter your credentials to view it.
Please click the link. 
Reference: ticket 46009",1
Welcome to the project - 82,"Hello,
The scheduled maintenance window is this Saturday from 10 PM to midnight. Services may be briefly unavailable.
for your information. 
Have a good day.",0
Project status report - 12,"Hello,
Thanks for your help on the project. Please send your feedback in the usual internal channel.
for your information. ",0
Document review request - 78,"Hello,
We are sharing the agenda for Friday's meeting. No action is required before the discussion.
for your information. ",0
Urgent account verification required - 36,"Hello,
You have received a secure document. Open the attachment and enter your credentials to view it.
Please verify now. 
Do not delay.",1
Unusual activity detected - 22,"Hello,
Failure to respond may result in permanent account suspension. Verify your details now.
Please validate your credentials. 
Reference: ticket 74303",1
Confirm your identity now - 82,"Hello,
Your account will be locked within 24 hours unless you confirm your password and billing details.
Please click the link. 
Do not delay.",1
Document review request - 55,"Hello,
Please find the approved invoice attached. Finance can process it through the normal procurement workflow.
Thanks. 
Sent from the company mail system.",0
Unusual activity detected - 91,"Hello,
You have received a secure document. Open the attachment and enter your credentials to view it.
Please validate your credentials. 
Reference: ticket 74451",1
Unusual activity detected - 94,"Hello,
Our security team needs you to confirm your login information after a suspicious sign-in.
Please confirm your account. 
Do not delay.",1
Project status report - 4,"Hello,
Hi team, attached are the notes from our meeting. Please review them before tomorrow afternoon.
attached for reference. 
Sent from the company mail system.",0
Meeting agenda for Friday - 94,"Hello,
The scheduled maintenance window is this Saturday from 10 PM to midnight. Services may be briefly unavailable.
for your information. 
Sent from the company mail system.",0
Urgent account verification required - 21,"Hello,
We detected unusual activity on your account. Verify your identity immediately using the secure link below.
Please update payment details. 
This message requires immediate attention.",1
Confirm your identity now - 75,"Hello,
You have received a secure document. Open the attachment and enter your credentials to view it.
Please update payment details. 
This message requires immediate attention.",1
Password expiration warning - 62,"Hello,
A recent payment could not be processed. Sign in and update your card information to avoid suspension.
Please click the link. 
Do not delay.",1
Meeting agenda for Friday - 90,"Hello,
Please find the approved invoice attached. Finance can process it through the normal procurement workflow.
Best regards. 
Sent from the company mail system.",0
Payment failed - action required - 34,"Hello,
Our security team needs you to confirm your login information after a suspicious sign-in.
Please update payment details. 
Do not delay.",1
Your mailbox will be suspended - 77,"Hello,
We detected unusual activity on your account. Verify your identity immediately using the secure link below.
Please verify now. 
This message requires immediate attention.",1
Weekly team update - 29,"Hello,
The project milestone is on track. Let me know if you have questions about the next sprint.
Best regards. 
Sent from the company mail system.",0
Invoice for approved purchase - 67,"Hello,
Thanks for your help on the project. Please send your feedback in the usual internal channel.
let me know if you need anything. 
Sent from the company mail system.",0
Password expiration warning - 94,"Hello,
A recent payment could not be processed. Sign in and update your card information to avoid suspension.
Please secure verification portal. 
Reference: ticket 63883",1
Welcome to the project - 52,"Hello,
Thanks for your help on the project. Please send your feedback in the usual internal channel.
let me know if you need anything. 
Have a good day.",0
Your travel itinerary - 39,"Hello,
Thanks for your help on the project. Please send your feedback in the usual internal channel.
let me know if you need anything. 
Have a good day.",0
Document review request - 43,"Hello,
The project milestone is on track. Let me know if you have questions about the next sprint.
Thanks. 
Reference: project DELTA",0
Welcome to the project - 38,"Hello,
Thanks for your help on the project. Please send your feedback in the usual internal channel.
let me know if you need anything. ",0
Your travel itinerary - 32,"Hello,
We are sharing the agenda for Friday's meeting. No action is required before the discussion.
Thanks. ",0
Important security notice - 45,"Hello,
You have received a secure document. Open the attachment and enter your credentials to view it.
Please secure verification portal. 
Do not delay.",1
Welcome to the project - 25,"Hello,
Hi team, attached are the notes from our meeting. Please review them before tomorrow afternoon.
for your information. 
Sent from the company mail system.",0
Unusual activity detected - 26,"Hello,
Your account will be locked within 24 hours unless you confirm your password and billing details.
Please click the link. 
Reference: ticket 47431",1
Password expiration warning - 2,"Hello,
You have received a secure document. Open the attachment and enter your credentials to view it.
Please validate your credentials. ",1
Payment failed - action required - 33,"Hello,
A recent payment could not be processed. Sign in and update your card information to avoid suspension.
Please click the link. ",1
Urgent account verification required - 53,"Hello,
We detected unusual activity on your account. Verify your identity immediately using the secure link below.
Please secure verification portal. 
This message requires immediate attention.",1
Urgent account verification required - 83,"Hello,
Our security team needs you to confirm your login information after a suspicious sign-in.
Please click the link. 
Do not delay.",1
Payment failed - action required - 33,"Hello,
You have received a secure document. Open the attachment and enter your credentials to view it.
Please click the link. 
This message requires immediate attention.",1
Your travel itinerary - 56,"Hello,
Thanks for your help on the project. Please send your feedback in the usual internal channel.
Best regards. 
Reference: project ORION",0
Project status report - 16,"Hello,
Hi team, attached are the notes from our meeting. Please review them before tomorrow afternoon.
Please review. 
Have a good day.",0
Meeting agenda for Friday - 22,"Hello,
The scheduled maintenance window is this Saturday from 10 PM to midnight. Services may be briefly unavailable.
Please review. 
Have a good day.",0
Document review request - 82,"Hello,
We are sharing the agenda for Friday's meeting. No action is required before the discussion.
Please review. 
Have a good day.",0
Confirm your identity now - 8,"Hello,
Your account will be locked within 24 hours unless you confirm your password and billing details.
Please confirm your account. 
Do not delay.",1
Security alert: unusual login - 88,"Hello,
Failure to respond may result in permanent account suspension. Verify your details now.
Please click the link. 
Do not delay.",1
Your travel itinerary - 38,"Hello,
We are sharing the agenda for Friday's meeting. No action is required before the discussion.
let me know if you need anything. ",0
Password expiration warning - 35,"Hello,
Your account will be locked within 24 hours unless you confirm your password and billing details.
Please confirm your account. 
This message requires immediate attention.",1
Document review request - 66,"Hello,
The scheduled maintenance window is this Saturday from 10 PM to midnight. Services may be briefly unavailable.
let me know if you need anything. 
Have a good day.",0
Welcome to the project - 63,"Hello,
The scheduled maintenance window is this Saturday from 10 PM to midnight. Services may be briefly unavailable.
Please review. ",0
Quarterly planning notes - 5,"Hello,
Please find the approved invoice attached. Finance can process it through the normal procurement workflow.
Best regards. 
Sent from the company mail system.",0
Confirm your identity now - 34,"Hello,
A recent payment could not be processed. Sign in and update your card information to avoid suspension.
Please update payment details. ",1
System maintenance notice - 33,"Hello,
The project milestone is on track. Let me know if you have questions about the next sprint.
Thanks. 
Sent from the company mail system.",0
Confirm your identity now - 87,"Hello,
A recent payment could not be processed. Sign in and update your card information to avoid suspension.
Please validate your credentials. 
Reference: ticket 76768",1
Your travel itinerary - 60,"Hello,
Hi team, attached are the notes from our meeting. Please review them before tomorrow afternoon.
Thanks. 
Reference: project DELTA",0
Meeting agenda for Friday - 2,"Hello,
Please find the approved invoice attached. Finance can process it through the normal procurement workflow.
Best regards. ",0
Invoice for approved purchase - 57,"Hello,
Hi team, attached are the notes from our meeting. Please review them before tomorrow afternoon.
Thanks. 
Sent from the company mail system.",0
Quarterly planning notes - 92,"Hello,
The project milestone is on track. Let me know if you have questions about the next sprint.
Thanks. 
Reference: project DELTA",0
Meeting agenda for Friday - 87,"Hello,
The scheduled maintenance window is this Saturday from 10 PM to midnight. Services may be briefly unavailable.
Please review. 
Have a good day.",0
Lunch and learn invitation - 17,"Hello,
Please find the approved invoice attached. Finance can process it through the normal procurement workflow.
Thanks. ",0
Invoice for approved purchase - 93,"Hello,
The project milestone is on track. Let me know if you have questions about the next sprint.
Thanks. ",0
System maintenance notice - 65,"Hello,
Please find the approved invoice attached. Finance can process it through the normal procurement workflow.
Best regards. 
Have a good day.",0
Confirm your identity now - 86,"Hello,
Our security team needs you to confirm your login information after a suspicious sign-in.
Please validate your credentials. ",1
Invoice for approved purchase - 11,"Hello,
The project milestone is on track. Let me know if you have questions about the next sprint.
let me know if you need anything. 
Reference: project ORION",0
Quarterly planning notes - 92,"Hello,
Please find the approved invoice attached. Finance can process it through the normal procurement workflow.
for your information. 
Sent from the company mail system.",0
Document review request - 73,"Hello,
Please find the approved invoice attached. Finance can process it through the normal procurement workflow.
let me know if you need anything. 
Have a good day.",0
Urgent account verification required - 72,"Hello,
You have received a secure document. Open the attachment and enter your credentials to view it.
Please confirm your account. 
Reference: ticket 35575",1
Welcome to the project - 41,"Hello,
Hi team, attached are the notes from our meeting. Please review them before tomorrow afternoon.
Best regards. 
Sent from the company mail system.",0
Your travel itinerary - 81,"Hello,
Please find the approved invoice attached. Finance can process it through the normal procurement workflow.
attached for reference. 
Have a good day.",0
Document review request - 59,"Hello,
The scheduled maintenance window is this Saturday from 10 PM to midnight. Services may be briefly unavailable.
let me know if you need anything. ",0
Document review request - 90,"Hello,
The scheduled maintenance window is this Saturday from 10 PM to midnight. Services may be briefly unavailable.
let me know if you need anything. 
Have a good day.",0
Project status report - 5,"Hello,
The project milestone is on track. Let me know if you have questions about the next sprint.
Thanks. 
Reference: project DELTA",0
Confirm your identity now - 89,"Hello,
Your account will be locked within 24 hours unless you confirm your password and billing details.
Please update payment details. 
Do not delay.",1
Invoice for approved purchase - 82,"Hello,
Please find the approved invoice attached. Finance can process it through the normal procurement workflow.
attached for reference. 
Reference: project ALPHA",0
Unusual activity detected - 55,"Hello,
Your account will be locked within 24 hours unless you confirm your password and billing details.
Please verify now. ",1
Confirm your identity now - 85,"Hello,
Your account will be locked within 24 hours unless you confirm your password and billing details.
Please validate your credentials. ",1
Quarterly planning notes - 30,"Hello,
Hi team, attached are the notes from our meeting. Please review them before tomorrow afternoon.
let me know if you need anything. 
Have a good day.",0
Urgent account verification required - 64,"Hello,
We detected unusual activity on your account. Verify your identity immediately using the secure link below.
Please validate your credentials. 
Reference: ticket 30568",1
Unusual activity detected - 6,"Hello,
We detected unusual activity on your account. Verify your identity immediately using the secure link below.
Please confirm your account. ",1
Welcome to the project - 44,"Hello,
Please find the approved invoice attached. Finance can process it through the normal procurement workflow.
Please review. 
Have a good day.",0
Security alert: unusual login - 44,"Hello,
Failure to respond may result in permanent account suspension. Verify your details now.
Please confirm your account. 
This message requires immediate attention.",1
Your travel itinerary - 6,"Hello,
Please find the approved invoice attached. Finance can process it through the normal procurement workflow.
let me know if you need anything. 
Reference: project ORION",0
Document review request - 84,"Hello,
Hi team, attached are the notes from our meeting. Please review them before tomorrow afternoon.
Thanks. 
Reference: project ALPHA",0
Password expiration warning - 31,"Hello,
Your account will be locked within 24 hours unless you confirm your password and billing details.
Please verify now. 
Do not delay.",1
Confirm your identity now - 65,"Hello,
A recent payment could not be processed. Sign in and update your card information to avoid suspension.
Please click the link. 
This message requires immediate attention.",1
Meeting agenda for Friday - 90,"Hello,
Hi team, attached are the notes from our meeting. Please review them before tomorrow afternoon.
Best regards. ",0
Weekly team update - 67,"Hello,
The scheduled maintenance window is this Saturday from 10 PM to midnight. Services may be briefly unavailable.
Please review. 
Sent from the company mail system.",0
Urgent account verification required - 49,"Hello,
You have received a secure document. Open the attachment and enter your credentials to view it.
Please verify now. ",1
System maintenance notice - 31,"Hello,
Hi team, attached are the notes from our meeting. Please review them before tomorrow afternoon.
for your information. ",0
Weekly team update - 20,"Hello,
The project milestone is on track. Let me know if you have questions about the next sprint.
for your information. 
Reference: project DELTA",0
Weekly team update - 35,"Hello,
We are sharing the agenda for Friday's meeting. No action is required before the discussion.
let me know if you need anything. ",0
Weekly team update - 34,"Hello,
Thanks for your help on the project. Please send your feedback in the usual internal channel.
let me know if you need anything. 
Sent from the company mail system.",0
Invoice for approved purchase - 81,"Hello,
Please find the approved invoice attached. Finance can process it through the normal procurement workflow.
let me know if you need anything. ",0
Lunch and learn invitation - 92,"Hello,
Please find the approved invoice attached. Finance can process it through the normal procurement workflow.
let me know if you need anything. 
Sent from the company mail system.",0
Lunch and learn invitation - 7,"Hello,
We are sharing the agenda for Friday's meeting. No action is required before the discussion.
Thanks. ",0
Urgent account verification required - 24,"Hello,
Failure to respond may result in permanent account suspension. Verify your details now.
Please click the link. ",1
Quarterly planning notes - 86,"Hello,
Please find the approved invoice attached. Finance can process it through the normal procurement workflow.
Best regards. ",0
Document review request - 76,"Hello,
The project milestone is on track. Let me know if you have questions about the next sprint.
let me know if you need anything. 
Sent from the company mail system.",0
Your mailbox will be suspended - 84,"Hello,
Our security team needs you to confirm your login information after a suspicious sign-in.
Please update payment details. 
This message requires immediate attention.",1
Payment failed - action required - 27,"Hello,
Your account will be locked within 24 hours unless you confirm your password and billing details.
Please validate your credentials. 
This message requires immediate attention.",1
Payment failed - action required - 31,"Hello,
A recent payment could not be processed. Sign in and update your card information to avoid suspension.
Please secure verification portal. 
This message requires immediate attention.",1
Lunch and learn invitation - 75,"Hello,
Thanks for your help on the project. Please send your feedback in the usual internal channel.
for your information. 
Sent from the company mail system.",0
Your mailbox will be suspended - 92,"Hello,
We detected unusual activity on your account. Verify your identity immediately using the secure link below.
Please update payment details. 
Do not delay.",1
Weekly team update - 63,"Hello,
Hi team, attached are the notes from our meeting. Please review them before tomorrow afternoon.
Please review. 
Have a good day.",0
Payment failed - action required - 92,"Hello,
You have received a secure document. Open the attachment and enter your credentials to view it.
Please update payment details. 
Reference: ticket 20348",1
Important security notice - 43,"Hello,
Your account will be locked within 24 hours unless you confirm your password and billing details.
Please confirm your account. 
This message requires immediate attention.",1
Important security notice - 52,"Hello,
We detected unusual activity on your account. Verify your identity immediately using the secure link below.
Please confirm your account. 
This message requires immediate attention.",1
Confirm your identity now - 51,"Hello,
A recent payment could not be processed. Sign in and update your card information to avoid suspension.
Please confirm your account. ",1
Invoice for approved purchase - 54,"Hello,
Please find the approved invoice attached. Finance can process it through the normal procurement workflow.
let me know if you need anything. 
Sent from the company mail system.",0
Important security notice - 16,"Hello,
A recent payment could not be processed. Sign in and update your card information to avoid suspension.
Please verify now. 
This message requires immediate attention.",1
Unusual activity detected - 43,"Hello,
We detected unusual activity on your account. Verify your identity immediately using the secure link below.
Please secure verification portal. 
Reference: ticket 55607",1
Confirm your identity now - 45,"Hello,
We detected unusual activity on your account. Verify your identity immediately using the secure link below.
Please verify now. 
Reference: ticket 88193",1
Unusual activity detected - 7,"Hello,
We detected unusual activity on your account. Verify your identity immediately using the secure link below.
Please validate your credentials. ",1
Confirm your identity now - 56,"Hello,
Your account will be locked within 24 hours unless you confirm your password and billing details.
Please click the link. 
This message requires immediate attention.",1
Urgent account verification required - 97,"Hello,
A recent payment could not be processed. Sign in and update your card information to avoid suspension.
Please secure verification portal. 
Reference: ticket 40870",1
Project status report - 89,"Hello,
The project milestone is on track. Let me know if you have questions about the next sprint.
Best regards. 
Have a good day.",0
Your mailbox will be suspended - 38,"Hello,
We detected unusual activity on your account. Verify your identity immediately using the secure link below.
Please update payment details. 
Reference: ticket 82523",1
Invoice for approved purchase - 46,"Hello,
The scheduled maintenance window is this Saturday from 10 PM to midnight. Services may be briefly unavailable.
Best regards. 
Reference: project DELTA",0
Important security notice - 64,"Hello,
Our security team needs you to confirm your login information after a suspicious sign-in.
Please confirm your account. ",1
Payment failed - action required - 32,"Hello,
You have received a secure document. Open the attachment and enter your credentials to view it.
Please verify now. 
Reference: ticket 45058",1
Urgent account verification required - 6,"Hello,
Failure to respond may result in permanent account suspension. Verify your details now.
Please click the link. 
This message requires immediate attention.",1
System maintenance notice - 50,"Hello,
The project milestone is on track. Let me know if you have questions about the next sprint.
attached for reference. 
Have a good day.",0
System maintenance notice - 44,"Hello,
Hi team, attached are the notes from our meeting. Please review them before tomorrow afternoon.
for your information. 
Sent from the company mail system.",0
Password expiration warning - 52,"Hello,
You have received a secure document. Open the attachment and enter your credentials to view it.
Please secure verification portal. ",1
Password expiration warning - 27,"Hello,
Your account will be locked within 24 hours unless you confirm your password and billing details.
Please click the link. 
Do not delay.",1
Quarterly planning notes - 46,"Hello,
Thanks for your help on the project. Please send your feedback in the usual internal channel.
Best regards. 
Have a good day.",0
Important security notice - 59,"Hello,
Your account will be locked within 24 hours unless you confirm your password and billing details.
Please verify now. 
Reference: ticket 62530",1
Lunch and learn invitation - 81,"Hello,
The project milestone is on track. Let me know if you have questions about the next sprint.
attached for reference. ",0
Document review request - 4,"Hello,
We are sharing the agenda for Friday's meeting. No action is required before the discussion.
Best regards. 
Sent from the company mail system.",0
Invoice for approved purchase - 13,"Hello,
Thanks for your help on the project. Please send your feedback in the usual internal channel.
let me know if you need anything. 
Sent from the company mail system.",0
Welcome to the project - 92,"Hello,
We are sharing the agenda for Friday's meeting. No action is required before the discussion.
for your information. 
Sent from the company mail system.",0
Confirm your identity now - 26,"Hello,
Failure to respond may result in permanent account suspension. Verify your details now.
Please click the link. 
Do not delay.",1
Lunch and learn invitation - 88,"Hello,
Please find the approved invoice attached. Finance can process it through the normal procurement workflow.
let me know if you need anything. 
Reference: project ORION",0
Unusual activity detected - 82,"Hello,
A recent payment could not be processed. Sign in and update your card information to avoid suspension.
Please confirm your account. 
Reference: ticket 86720",1
Password expiration warning - 16,"Hello,
We detected unusual activity on your account. Verify your identity immediately using the secure link below.
Please confirm your account. 
Reference: ticket 24871",1
Your mailbox will be suspended - 31,"Hello,
A recent payment could not be processed. Sign in and update your card information to avoid suspension.
Please secure verification portal. 
This message requires immediate attention.",1
Unusual activity detected - 85,"Hello,
You have received a secure document. Open the attachment and enter your credentials to view it.
Please confirm your account. ",1
Your travel itinerary - 99,"Hello,
The scheduled maintenance window is this Saturday from 10 PM to midnight. Services may be briefly unavailable.
Please review. 
Sent from the company mail system.",0
Your mailbox will be suspended - 93,"Hello,
Our security team needs you to confirm your login information after a suspicious sign-in.
Please validate your credentials. ",1
Unusual activity detected - 21,"Hello,
A recent payment could not be processed. Sign in and update your card information to avoid suspension.
Please confirm your account. 
This message requires immediate attention.",1
Project status report - 36,"Hello,
Please find the approved invoice attached. Finance can process it through the normal procurement workflow.
Best regards. 
Reference: project ORION",0
Quarterly planning notes - 7,"Hello,
Thanks for your help on the project. Please send your feedback in the usual internal channel.
for your information. 
Have a good day.",0
Security alert: unusual login - 64,"Hello,
You have received a secure document. Open the attachment and enter your credentials to view it.
Please secure verification portal. 
Do not delay.",1
Your mailbox will be suspended - 54,"Hello,
A recent payment could not be processed. Sign in and update your card information to avoid suspension.
Please validate your credentials. 
Reference: ticket 28528",1
Payment failed - action required - 50,"Hello,
A recent payment could not be processed. Sign in and update your card information to avoid suspension.
Please secure verification portal. ",1
Confirm your identity now - 84,"Hello,
You have received a secure document. Open the attachment and enter your credentials to view it.
Please validate your credentials. 
Reference: ticket 72684",1
Welcome to the project - 31,"Hello,
We are sharing the agenda for Friday's meeting. No action is required before the discussion.
for your information. 
Have a good day.",0
System maintenance notice - 56,"Hello,
Please find the approved invoice attached. Finance can process it through the normal procurement workflow.
for your information. 
Have a good day.",0
Password expiration warning - 54,"Hello,
You have received a secure document. Open the attachment and enter your credentials to view it.
Please update payment details. 
Reference: ticket 81121",1
Payment failed - action required - 13,"Hello,
Failure to respond may result in permanent account suspension. Verify your details now.
Please secure verification portal. 
This message requires immediate attention.",1
Confirm your identity now - 87,"Hello,
You have received a secure document. Open the attachment and enter your credentials to view it.
Please verify now. 
This message requires immediate attention.",1
Document review request - 98,"Hello,
We are sharing the agenda for Friday's meeting. No action is required before the discussion.
attached for reference. 
Have a good day.",0
Your travel itinerary - 43,"Hello,
Thanks for your help on the project. Please send your feedback in the usual internal channel.
for your information. 
Reference: project ORION",0
Welcome to the project - 73,"Hello,
Please find the approved invoice attached. Finance can process it through the normal procurement workflow.
Thanks. 
Have a good day.",0
Welcome to the project - 15,"Hello,
Hi team, attached are the notes from our meeting. Please review them before tomorrow afternoon.
Thanks. 
Have a good day.",0
Lunch and learn invitation - 87,"Hello,
The project milestone is on track. Let me know if you have questions about the next sprint.
Thanks. 
Have a good day.",0
Urgent account verification required - 50,"Hello,
You have received a secure document. Open the attachment and enter your credentials to view it.
Please click the link. 
Do not delay.",1
Welcome to the project - 14,"Hello,
Hi team, attached are the notes from our meeting. Please review them before tomorrow afternoon.
Thanks. ",0
Security alert: unusual login - 81,"Hello,
You have received a secure document. Open the attachment and enter your credentials to view it.
Please verify now. 
This message requires immediate attention.",1
System maintenance notice - 63,"Hello,
The project milestone is on track. Let me know if you have questions about the next sprint.
Thanks. 
Sent from the company mail system.",0
Payment failed - action required - 81,"Hello,
Failure to respond may result in permanent account suspension. Verify your details now.
Please update payment details. 
Reference: ticket 78327",1
Confirm your identity now - 64,"Hello,
Your account will be locked within 24 hours unless you confirm your password and billing details.
Please verify now. 
Do not delay.",1
Important security notice - 65,"Hello,
We detected unusual activity on your account. Verify your identity immediately using the secure link below.
Please verify now. 
Reference: ticket 86569",1
Password expiration warning - 50,"Hello,
We detected unusual activity on your account. Verify your identity immediately using the secure link below.
Please confirm your account. ",1
Important security notice - 34,"Hello,
You have received a secure document. Open the attachment and enter your credentials to view it.
Please verify now. ",1
Document review request - 92,"Hello,
The project milestone is on track. Let me know if you have questions about the next sprint.
attached for reference. 
Have a good day.",0
Weekly team update - 90,"Hello,
Hi team, attached are the notes from our meeting. Please review them before tomorrow afternoon.
Please review. 
Sent from the company mail system.",0
Welcome to the project - 63,"Hello,
Hi team, attached are the notes from our meeting. Please review them before tomorrow afternoon.
for your information. 
Reference: project DELTA",0
Invoice for approved purchase - 9,"Hello,
Please find the approved invoice attached. Finance can process it through the normal procurement workflow.
for your information. 
Reference: project DELTA",0
Your travel itinerary - 65,"Hello,
Hi team, attached are the notes from our meeting. Please review them before tomorrow afternoon.
Best regards. 
Have a good day.",0
Security alert: unusual login - 3,"Hello,
Failure to respond may result in permanent account suspension. Verify your details now.
Please validate your credentials. 
This message requires immediate attention.",1
Welcome to the project - 77,"Hello,
Hi team, attached are the notes from our meeting. Please review them before tomorrow afternoon.
Please review. 
Sent from the company mail system.",0
Unusual activity detected - 44,"Hello,
We detected unusual activity on your account. Verify your identity immediately using the secure link below.
Please confirm your account. ",1
Urgent account verification required - 11,"Hello,
Your account will be locked within 24 hours unless you confirm your password and billing details.
Please validate your credentials. ",1
Quarterly planning notes - 55,"Hello,
Thanks for your help on the project. Please send your feedback in the usual internal channel.
Thanks. 
Have a good day.",0
Urgent account verification required - 74,"Hello,
Your account will be locked within 24 hours unless you confirm your password and billing details.
Please update payment details. ",1
Password expiration warning - 78,"Hello,
A recent payment could not be processed. Sign in and update your card information to avoid suspension.
Please verify now. ",1
Urgent account verification required - 47,"Hello,
We detected unusual activity on your account. Verify your identity immediately using the secure link below.
Please validate your credentials. 
Reference: ticket 93560",1
Important security notice - 79,"Hello,
Our security team needs you to confirm your login information after a suspicious sign-in.
Please verify now. 
Do not delay.",1
System maintenance notice - 62,"Hello,
We are sharing the agenda for Friday's meeting. No action is required before the discussion.
let me know if you need anything. 
Reference: project ORION",0
Meeting agenda for Friday - 15,"Hello,
The project milestone is on track. Let me know if you have questions about the next sprint.
Best regards. 
Sent from the company mail system.",0
Your mailbox will be suspended - 47,"Hello,
You have received a secure document. Open the attachment and enter your credentials to view it.
Please confirm your account. 
This message requires immediate attention.",1
Password expiration warning - 96,"Hello,
A recent payment could not be processed. Sign in and update your card information to avoid suspension.
Please verify now. ",1
Unusual activity detected - 97,"Hello,
Your account will be locked within 24 hours unless you confirm your password and billing details.
Please verify now. 
Do not delay.",1
Your mailbox will be suspended - 54,"Hello,
You have received a secure document. Open the attachment and enter your credentials to view it.
Please validate your credentials. 
This message requires immediate attention.",1
Document review request - 44,"Hello,
We are sharing the agenda for Friday's meeting. No action is required before the discussion.
attached for reference. ",0
Welcome to the project - 67,"Hello,
Hi team, attached are the notes from our meeting. Please review them before tomorrow afternoon.
for your information. 
Reference: project ORION",0
Invoice for approved purchase - 95,"Hello,
Thanks for your help on the project. Please send your feedback in the usual internal channel.
Thanks. 
Have a good day.",0
Password expiration warning - 21,"Hello,
A recent payment could not be processed. Sign in and update your card information to avoid suspension.
Please secure verification portal. ",1
Document review request - 49,"Hello,
The scheduled maintenance window is this Saturday from 10 PM to midnight. Services may be briefly unavailable.
let me know if you need anything. ",0
Welcome to the project - 53,"Hello,
We are sharing the agenda for Friday's meeting. No action is required before the discussion.
Best regards. 
Have a good day.",0
Confirm your identity now - 63,"Hello,
Your account will be locked within 24 hours unless you confirm your password and billing details.
Please confirm your account. 
Do not delay.",1
Document review request - 24,"Hello,
Hi team, attached are the notes from our meeting. Please review them before tomorrow afternoon.
let me know if you need anything. ",0
Urgent account verification required - 80,"Hello,
We detected unusual activity on your account. Verify your identity immediately using the secure link below.
Please confirm your account. ",1
Important security notice - 99,"Hello,
A recent payment could not be processed. Sign in and update your card information to avoid suspension.
Please confirm your account. 
This message requires immediate attention.",1
Document review request - 73,"Hello,
The project milestone is on track. Let me know if you have questions about the next sprint.
attached for reference. 
Have a good day.",0
Welcome to the project - 33,"Hello,
The project milestone is on track. Let me know if you have questions about the next sprint.
Please review. 
Reference: project ORION",0
Your travel itinerary - 22,"Hello,
Thanks for your help on the project. Please send your feedback in the usual internal channel.
Please review. 
Have a good day.",0
System maintenance notice - 94,"Hello,
We are sharing the agenda for Friday's meeting. No action is required before the discussion.
for your information. ",0
Document review request - 79,"Hello,
The scheduled maintenance window is this Saturday from 10 PM to midnight. Services may be briefly unavailable.
let me know if you need anything. 
Sent from the company mail system.",0
Payment failed - action required - 36,"Hello,
Our security team needs you to confirm your login information after a suspicious sign-in.
Please click the link. ",1
Meeting agenda for Friday - 15,"Hello,
Thanks for your help on the project. Please send your feedback in the usual internal channel.
let me know if you need anything. 
Have a good day.",0
Your mailbox will be suspended - 69,"Hello,
Failure to respond may result in permanent account suspension. Verify your details now.
Please update payment details. 
Do not delay.",1
Your travel itinerary - 65,"Hello,
Hi team, attached are the notes from our meeting. Please review them before tomorrow afternoon.
Best regards. 
Reference: project DELTA",0
Unusual activity detected - 39,"Hello,
A recent payment could not be processed. Sign in and update your card information to avoid suspension.
Please update payment details. 
This message requires immediate attention.",1
Unusual activity detected - 74,"Hello,
A recent payment could not be processed. Sign in and update your card information to avoid suspension.
Please update payment details. ",1
Urgent account verification required - 46,"Hello,
Failure to respond may result in permanent account suspension. Verify your details now.
Please update payment details. ",1
Password expiration warning - 33,"Hello,
A recent payment could not be processed. Sign in and update your card information to avoid suspension.
Please secure verification portal. 
This message requires immediate attention.",1
Payment failed - action required - 80,"Hello,
A recent payment could not be processed. Sign in and update your card information to avoid suspension.
Please secure verification portal. 
This message requires immediate attention.",1
Project status report - 81,"Hello,
The project milestone is on track. Let me know if you have questions about the next sprint.
let me know if you need anything. 
Have a good day.",0
Weekly team update - 57,"Hello,
Hi team, attached are the notes from our meeting. Please review them before tomorrow afternoon.
for your information. 
Sent from the company mail system.",0
Your mailbox will be suspended - 82,"Hello,
We detected unusual activity on your account. Verify your identity immediately using the secure link below.
Please secure verification portal. 
This message requires immediate attention.",1
Your mailbox will be suspended - 54,"Hello,
You have received a secure document. Open the attachment and enter your credentials to view it.
Please confirm your account. 
This message requires immediate attention.",1
Urgent account verification required - 46,"Hello,
Your account will be locked within 24 hours unless you confirm your password and billing details.
Please verify now. 
Reference: ticket 46167",1
Confirm your identity now - 13,"Hello,
Failure to respond may result in permanent account suspension. Verify your details now.
Please confirm your account. ",1
Your mailbox will be suspended - 45,"Hello,
A recent payment could not be processed. Sign in and update your card information to avoid suspension.
Please validate your credentials. 
Do not delay.",1
Security alert: unusual login - 70,"Hello,
We detected unusual activity on your account. Verify your identity immediately using the secure link below.
Please secure verification portal. ",1
Urgent account verification required - 23,"Hello,
A recent payment could not be processed. Sign in and update your card information to avoid suspension.
Please confirm your account. 
This message requires immediate attention.",1
Password expiration warning - 61,"Hello,
Failure to respond may result in permanent account suspension. Verify your details now.
Please confirm your account. 
This message requires immediate attention.",1
Document review request - 59,"Hello,
The project milestone is on track. Let me know if you have questions about the next sprint.
Best regards. 
Have a good day.",0
Password expiration warning - 81,"Hello,
You have received a secure document. Open the attachment and enter your credentials to view it.
Please confirm your account. 
This message requires immediate attention.",1
Weekly team update - 88,"Hello,
The project milestone is on track. Let me know if you have questions about the next sprint.
let me know if you need anything. 
Reference: project ORION",0
Confirm your identity now - 85,"Hello,
We detected unusual activity on your account. Verify your identity immediately using the secure link below.
Please click the link. ",1
Password expiration warning - 53,"Hello,
Our security team needs you to confirm your login information after a suspicious sign-in.
Please verify now. 
Reference: ticket 96200",1
Important security notice - 98,"Hello,
You have received a secure document. Open the attachment and enter your credentials to view it.
Please validate your credentials. ",1
Invoice for approved purchase - 48,"Hello,
Please find the approved invoice attached. Finance can process it through the normal procurement workflow.
for your information. 
Have a good day.",0
Important security notice - 78,"Hello,
Failure to respond may result in permanent account suspension. Verify your details now.
Please update payment details. 
Reference: ticket 50173",1
Your mailbox will be suspended - 15,"Hello,
A recent payment could not be processed. Sign in and update your card information to avoid suspension.
Please verify now. 
This message requires immediate attention.",1
Lunch and learn invitation - 3,"Hello,
The project milestone is on track. Let me know if you have questions about the next sprint.
Best regards. ",0
Invoice for approved purchase - 97,"Hello,
The project milestone is on track. Let me know if you have questions about the next sprint.
attached for reference. ",0
Important security notice - 40,"Hello,
You have received a secure document. Open the attachment and enter your credentials to view it.
Please click the link. ",1
Your travel itinerary - 54,"Hello,
The scheduled maintenance window is this Saturday from 10 PM to midnight. Services may be briefly unavailable.
let me know if you need anything. 
Sent from the company mail system.",0
Security alert: unusual login - 88,"Hello,
You have received a secure document. Open the attachment and enter your credentials to view it.
Please confirm your account. 
Do not delay.",1
Password expiration warning - 10,"Hello,
Failure to respond may result in permanent account suspension. Verify your details now.
Please click the link. ",1
Your mailbox will be suspended - 15,"Hello,
Your account will be locked within 24 hours unless you confirm your password and billing details.
Please update payment details. 
Reference: ticket 78202",1
Welcome to the project - 1,"Hello,
Thanks for your help on the project. Please send your feedback in the usual internal channel.
for your information. ",0
Payment failed - action required - 71,"Hello,
Failure to respond may result in permanent account suspension. Verify your details now.
Please confirm your account. ",1
Your mailbox will be suspended - 63,"Hello,
Our security team needs you to confirm your login information after a suspicious sign-in.
Please secure verification portal. 
Do not delay.",1
Your mailbox will be suspended - 61,"Hello,
You have received a secure document. Open the attachment and enter your credentials to view it.
Please validate your credentials. ",1
Payment failed - action required - 74,"Hello,
A recent payment could not be processed. Sign in and update your card information to avoid suspension.
Please click the link. 
Do not delay.",1
Welcome to the project - 7,"Hello,
Please find the approved invoice attached. Finance can process it through the normal procurement workflow.
attached for reference. 
Sent from the company mail system.",0
Urgent account verification required - 16,"Hello,
Our security team needs you to confirm your login information after a suspicious sign-in.
Please click the link. 
Do not delay.",1
Welcome to the project - 15,"Hello,
We are sharing the agenda for Friday's meeting. No action is required before the discussion.
Best regards. 
Reference: project ORION",0
Security alert: unusual login - 99,"Hello,
A recent payment could not be processed. Sign in and update your card information to avoid suspension.
Please update payment details. ",1
Payment failed - action required - 22,"Hello,
You have received a secure document. Open the attachment and enter your credentials to view it.
Please validate your credentials. 
This message requires immediate attention.",1
Security alert: unusual login - 24,"Hello,
A recent payment could not be processed. Sign in and update your card information to avoid suspension.
Please update payment details. 
This message requires immediate attention.",1
Meeting agenda for Friday - 63,"Hello,
Thanks for your help on the project. Please send your feedback in the usual internal channel.
Please review. 
Sent from the company mail system.",0
Quarterly planning notes - 82,"Hello,
The scheduled maintenance window is this Saturday from 10 PM to midnight. Services may be briefly unavailable.
let me know if you need anything. ",0
Quarterly planning notes - 57,"Hello,
Thanks for your help on the project. Please send your feedback in the usual internal channel.
Thanks. 
Sent from the company mail system.",0
Invoice for approved purchase - 82,"Hello,
Thanks for your help on the project. Please send your feedback in the usual internal channel.
for your information. 
Have a good day.",0
Invoice for approved purchase - 56,"Hello,
The project milestone is on track. Let me know if you have questions about the next sprint.
let me know if you need anything. 
Reference: project DELTA",0
Confirm your identity now - 86,"Hello,
Failure to respond may result in permanent account suspension. Verify your details now.
Please update payment details. 
Do not delay.",1
Urgent account verification required - 97,"Hello,
You have received a secure document. Open the attachment and enter your credentials to view it.
Please secure verification portal. 
Do not delay.",1
Welcome to the project - 99,"Hello,
Thanks for your help on the project. Please send your feedback in the usual internal channel.
Thanks. 
Sent from the company mail system.",0
Urgent account verification required - 66,"Hello,
Your account will be locked within 24 hours unless you confirm your password and billing details.
Please verify now. 
This message requires immediate attention.",1
Urgent account verification required - 47,"Hello,
Our security team needs you to confirm your login information after a suspicious sign-in.
Please click the link. ",1
Invoice for approved purchase - 64,"Hello,
Thanks for your help on the project. Please send your feedback in the usual internal channel.
let me know if you need anything. 
Sent from the company mail system.",0
Payment failed - action required - 31,"Hello,
A recent payment could not be processed. Sign in and update your card information to avoid suspension.
Please validate your credentials. 
Do not delay.",1
Security alert: unusual login - 43,"Hello,
Your account will be locked within 24 hours unless you confirm your password and billing details.
Please update payment details. 
Reference: ticket 10887",1
Important security notice - 55,"Hello,
You have received a secure document. Open the attachment and enter your credentials to view it.
Please update payment details. 
Do not delay.",1
Quarterly planning notes - 99,"Hello,
We are sharing the agenda for Friday's meeting. No action is required before the discussion.
for your information. 
Reference: project ORION",0
Password expiration warning - 83,"Hello,
Our security team needs you to confirm your login information after a suspicious sign-in.
Please secure verification portal. 
This message requires immediate attention.",1
Security alert: unusual login - 12,"Hello,
You have received a secure document. Open the attachment and enter your credentials to view it.
Please update payment details. 
This message requires immediate attention.",1
Weekly team update - 81,"Hello,
Hi team, attached are the notes from our meeting. Please review them before tomorrow afternoon.
let me know if you need anything. 
Sent from the company mail system.",0
Welcome to the project - 58,"Hello,
The scheduled maintenance window is this Saturday from 10 PM to midnight. Services may be briefly unavailable.
Thanks. 
Reference: project ALPHA",0
Password expiration warning - 59,"Hello,
Failure to respond may result in permanent account suspension. Verify your details now.
Please verify now. ",1
Welcome to the project - 24,"Hello,
The project milestone is on track. Let me know if you have questions about the next sprint.
attached for reference. 
Have a good day.",0
Weekly team update - 58,"Hello,
We are sharing the agenda for Friday's meeting. No action is required before the discussion.
Best regards. 
Sent from the company mail system.",0
System maintenance notice - 22,"Hello,
Please find the approved invoice attached. Finance can process it through the normal procurement workflow.
attached for reference. 
Have a good day.",0
Your travel itinerary - 12,"Hello,
We are sharing the agenda for Friday's meeting. No action is required before the discussion.
Please review. 
Have a good day.",0
Unusual activity detected - 85,"Hello,
We detected unusual activity on your account. Verify your identity immediately using the secure link below.
Please click the link. 
Do not delay.",1
Urgent account verification required - 81,"Hello,
Your account will be locked within 24 hours unless you confirm your password and billing details.
Please click the link. 
Reference: ticket 57419",1
Password expiration warning - 23,"Hello,
You have received a secure document. Open the attachment and enter your credentials to view it.
Please verify now. 
Reference: ticket 60165",1
Payment failed - action required - 87,"Hello,
You have received a secure document. Open the attachment and enter your credentials to view it.
Please update payment details. 
Reference: ticket 19064",1
Welcome to the project - 8,"Hello,
The scheduled maintenance window is this Saturday from 10 PM to midnight. Services may be briefly unavailable.
for your information. 
Reference: project ORION",0
Payment failed - action required - 14,"Hello,
Your account will be locked within 24 hours unless you confirm your password and billing details.
Please click the link. 
Do not delay.",1
Weekly team update - 53,"Hello,
Thanks for your help on the project. Please send your feedback in the usual internal channel.
Thanks. ",0
Document review request - 15,"Hello,
We are sharing the agenda for Friday's meeting. No action is required before the discussion.
Thanks. 
Have a good day.",0
Quarterly planning notes - 52,"Hello,
Hi team, attached are the notes from our meeting. Please review them before tomorrow afternoon.
Please review. ",0
Important security notice - 10,"Hello,
We detected unusual activity on your account. Verify your identity immediately using the secure link below.
Please verify now. ",1
Unusual activity detected - 72,"Hello,
Your account will be locked within 24 hours unless you confirm your password and billing details.
Please confirm your account. 
This message requires immediate attention.",1
Your mailbox will be suspended - 67,"Hello,
Our security team needs you to confirm your login information after a suspicious sign-in.
Please click the link. 
Reference: ticket 10157",1
Security alert: unusual login - 89,"Hello,
Our security team needs you to confirm your login information after a suspicious sign-in.
Please verify now. 
Do not delay.",1
Security alert: unusual login - 20,"Hello,
Failure to respond may result in permanent account suspension. Verify your details now.
Please update payment details. 
Do not delay.",1
Urgent account verification required - 92,"Hello,
Your account will be locked within 24 hours unless you confirm your password and billing details.
Please secure verification portal. 
Reference: ticket 53512",1
Project status report - 26,"Hello,
Thanks for your help on the project. Please send your feedback in the usual internal channel.
attached for reference. 
Reference: project ALPHA",0
Your travel itinerary - 41,"Hello,
Hi team, attached are the notes from our meeting. Please review them before tomorrow afternoon.
Please review. ",0
Urgent account verification required - 85,"Hello,
A recent payment could not be processed. Sign in and update your card information to avoid suspension.
Please secure verification portal. ",1
Unusual activity detected - 56,"Hello,
Failure to respond may result in permanent account suspension. Verify your details now.
Please click the link. 
This message requires immediate attention.",1
Confirm your identity now - 56,"Hello,
Our security team needs you to confirm your login information after a suspicious sign-in.
Please click the link. 
Reference: ticket 73372",1
Your mailbox will be suspended - 93,"Hello,
Our security team needs you to confirm your login information after a suspicious sign-in.
Please secure verification portal. ",1
Weekly team update - 42,"Hello,
Please find the approved invoice attached. Finance can process it through the normal procurement workflow.
for your information. 
Have a good day.",0
Meeting agenda for Friday - 19,"Hello,
Please find the approved invoice attached. Finance can process it through the normal procurement workflow.
let me know if you need anything. 
Have a good day.",0
Project status report - 5,"Hello,
The project milestone is on track. Let me know if you have questions about the next sprint.
attached for reference. ",0
Document review request - 30,"Hello,
We are sharing the agenda for Friday's meeting. No action is required before the discussion.
for your information. 
Have a good day.",0
Important security notice - 23,"Hello,
We detected unusual activity on your account. Verify your identity immediately using the secure link below.
Please verify now. 
Reference: ticket 75193",1
Urgent account verification required - 34,"Hello,
Our security team needs you to confirm your login information after a suspicious sign-in.
Please confirm your account. 
Do not delay.",1
Weekly team update - 28,"Hello,
Thanks for your help on the project. Please send your feedback in the usual internal channel.
attached for reference. ",0
Quarterly planning notes - 98,"Hello,
The scheduled maintenance window is this Saturday from 10 PM to midnight. Services may be briefly unavailable.
Best regards. 
Have a good day.",0
Password expiration warning - 1,"Hello,
A recent payment could not be processed. Sign in and update your card information to avoid suspension.
Please update payment details. ",1
Urgent account verification required - 94,"Hello,
A recent payment could not be processed. Sign in and update your card information to avoid suspension.
Please verify now. 
Do not delay.",1
Invoice for approved purchase - 96,"Hello,
The scheduled maintenance window is this Saturday from 10 PM to midnight. Services may be briefly unavailable.
let me know if you need anything. 
Have a good day.",0
Meeting agenda for Friday - 60,"Hello,
The scheduled maintenance window is this Saturday from 10 PM to midnight. Services may be briefly unavailable.
for your information. ",0
Lunch and learn invitation - 57,"Hello,
The scheduled maintenance window is this Saturday from 10 PM to midnight. Services may be briefly unavailable.
let me know if you need anything. 
Reference: project ALPHA",0
Unusual activity detected - 17,"Hello,
Our security team needs you to confirm your login information after a suspicious sign-in.
Please update payment details. ",1
Payment failed - action required - 65,"Hello,
Failure to respond may result in permanent account suspension. Verify your details now.
Please update payment details. 
This message requires immediate attention.",1
Weekly team update - 93,"Hello,
Hi team, attached are the notes from our meeting. Please review them before tomorrow afternoon.
let me know if you need anything. 
Sent from the company mail system.",0
Urgent account verification required - 57,"Hello,
Our security team needs you to confirm your login information after a suspicious sign-in.
Please update payment details. 
Reference: ticket 71524",1
Quarterly planning notes - 62,"Hello,
We are sharing the agenda for Friday's meeting. No action is required before the discussion.
attached for reference. ",0
Unusual activity detected - 22,"Hello,
A recent payment could not be processed. Sign in and update your card information to avoid suspension.
Please click the link. 
This message requires immediate attention.",1
System maintenance notice - 67,"Hello,
Thanks for your help on the project. Please send your feedback in the usual internal channel.
attached for reference. ",0
Unusual activity detected - 34,"Hello,
You have received a secure document. Open the attachment and enter your credentials to view it.
Please validate your credentials. 
Do not delay.",1
Weekly team update - 7,"Hello,
Hi team, attached are the notes from our meeting. Please review them before tomorrow afternoon.
for your information. 
Sent from the company mail system.",0
Lunch and learn invitation - 13,"Hello,
Please find the approved invoice attached. Finance can process it through the normal procurement workflow.
let me know if you need anything. 
Reference: project DELTA",0
Weekly team update - 60,"Hello,
Thanks for your help on the project. Please send your feedback in the usual internal channel.
Best regards. 
Sent from the company mail system.",0
Document review request - 26,"Hello,
Thanks for your help on the project. Please send your feedback in the usual internal channel.
Best regards. 
Have a good day.",0
Meeting agenda for Friday - 60,"Hello,
The project milestone is on track. Let me know if you have questions about the next sprint.
let me know if you need anything. 
Reference: project DELTA",0
Confirm your identity now - 89,"Hello,
You have received a secure document. Open the attachment and enter your credentials to view it.
Please validate your credentials. 
Do not delay.",1
Invoice for approved purchase - 19,"Hello,
We are sharing the agenda for Friday's meeting. No action is required before the discussion.
Please review. ",0
Project status report - 25,"Hello,
Hi team, attached are the notes from our meeting. Please review them before tomorrow afternoon.
Best regards. 
Sent from the company mail system.",0
Password expiration warning - 61,"Hello,
Your account will be locked within 24 hours unless you confirm your password and billing details.
Please click the link. 
Do not delay.",1
Payment failed - action required - 81,"Hello,
A recent payment could not be processed. Sign in and update your card information to avoid suspension.
Please secure verification portal. 
Reference: ticket 60860",1
Password expiration warning - 48,"Hello,
We detected unusual activity on your account. Verify your identity immediately using the secure link below.
Please verify now. 
Do not delay.",1
Document review request - 1,"Hello,
The project milestone is on track. Let me know if you have questions about the next sprint.
for your information. 
Sent from the company mail system.",0
Payment failed - action required - 58,"Hello,
A recent payment could not be processed. Sign in and update your card information to avoid suspension.
Please confirm your account. ",1
Lunch and learn invitation - 45,"Hello,
Hi team, attached are the notes from our meeting. Please review them before tomorrow afternoon.
Thanks. 
Sent from the company mail system.",0
Welcome to the project - 98,"Hello,
The scheduled maintenance window is this Saturday from 10 PM to midnight. Services may be briefly unavailable.
let me know if you need anything. 
Sent from the company mail system.",0
Weekly team update - 97,"Hello,
Thanks for your help on the project. Please send your feedback in the usual internal channel.
let me know if you need anything. 
Have a good day.",0
Invoice for approved purchase - 53,"Hello,
Hi team, attached are the notes from our meeting. Please review them before tomorrow afternoon.
attached for reference. 
Sent from the company mail system.",0
Document review request - 89,"Hello,
The project milestone is on track. Let me know if you have questions about the next sprint.
Thanks. ",0
Your travel itinerary - 69,"Hello,
The scheduled maintenance window is this Saturday from 10 PM to midnight. Services may be briefly unavailable.
Thanks. ",0
Confirm your identity now - 84,"Hello,
Failure to respond may result in permanent account suspension. Verify your details now.
Please validate your credentials. 
Reference: ticket 40689",1
Your mailbox will be suspended - 30,"Hello,
A recent payment could not be processed. Sign in and update your card information to avoid suspension.
Please click the link. 
Reference: ticket 65885",1
Security alert: unusual login - 62,"Hello,
Failure to respond may result in permanent account suspension. Verify your details now.
Please verify now. 
Do not delay.",1
Weekly team update - 61,"Hello,
Thanks for your help on the project. Please send your feedback in the usual internal channel.
Best regards. ",0
Invoice for approved purchase - 61,"Hello,
Please find the approved invoice attached. Finance can process it through the normal procurement workflow.
Please review. 
Have a good day.",0
Unusual activity detected - 2,"Hello,
We detected unusual activity on your account. Verify your identity immediately using the secure link below.
Please verify now. ",1
Confirm your identity now - 31,"Hello,
You have received a secure document. Open the attachment and enter your credentials to view it.
Please confirm your account. 
Reference: ticket 80507",1
Welcome to the project - 73,"Hello,
The scheduled maintenance window is this Saturday from 10 PM to midnight. Services may be briefly unavailable.
Please review. ",0
Invoice for approved purchase - 78,"Hello,
The scheduled maintenance window is this Saturday from 10 PM to midnight. Services may be briefly unavailable.
Best regards. 
Reference: project ALPHA",0
Confirm your identity now - 30,"Hello,
A recent payment could not be processed. Sign in and update your card information to avoid suspension.
Please secure verification portal. ",1
Invoice for approved purchase - 15,"Hello,
Thanks for your help on the project. Please send your feedback in the usual internal channel.
let me know if you need anything. 
Sent from the company mail system.",0
Password expiration warning - 40,"Hello,
You have received a secure document. Open the attachment and enter your credentials to view it.
Please secure verification portal. 
Reference: ticket 48974",1
Project status report - 98,"Hello,
We are sharing the agenda for Friday's meeting. No action is required before the discussion.
attached for reference. 
Have a good day.",0
Meeting agenda for Friday - 81,"Hello,
Thanks for your help on the project. Please send your feedback in the usual internal channel.
Thanks. 
Reference: project ALPHA",0
Document review request - 87,"Hello,
Please find the approved invoice attached. Finance can process it through the normal procurement workflow.
Best regards. ",0
Payment failed - action required - 68,"Hello,
We detected unusual activity on your account. Verify your identity immediately using the secure link below.
Please update payment details. 
Reference: ticket 17679",1
Quarterly planning notes - 97,"Hello,
Please find the approved invoice attached. Finance can process it through the normal procurement workflow.
Please review. ",0
Important security notice - 65,"Hello,
A recent payment could not be processed. Sign in and update your card information to avoid suspension.
Please confirm your account. 
Reference: ticket 23462",1
Urgent account verification required - 14,"Hello,
A recent payment could not be processed. Sign in and update your card information to avoid suspension.
Please validate your credentials. ",1
Your travel itinerary - 1,"Hello,
We are sharing the agenda for Friday's meeting. No action is required before the discussion.
let me know if you need anything. 
Sent from the company mail system.",0
Weekly team update - 55,"Hello,
Hi team, attached are the notes from our meeting. Please review them before tomorrow afternoon.
for your information. ",0
Your travel itinerary - 50,"Hello,
Thanks for your help on the project. Please send your feedback in the usual internal channel.
Thanks. 
Reference: project ORION",0
Welcome to the project - 61,"Hello,
The scheduled maintenance window is this Saturday from 10 PM to midnight. Services may be briefly unavailable.
for your information. ",0
Document review request - 2,"Hello,
The project milestone is on track. Let me know if you have questions about the next sprint.
Best regards. 
Have a good day.",0
Urgent account verification required - 31,"Hello,
We detected unusual activity on your account. Verify your identity immediately using the secure link below.
Please validate your credentials. 
Reference: ticket 55351",1
Your travel itinerary - 16,"Hello,
Hi team, attached are the notes from our meeting. Please review them before tomorrow afternoon.
attached for reference. 
Sent from the company mail system.",0
Lunch and learn invitation - 6,"Hello,
We are sharing the agenda for Friday's meeting. No action is required before the discussion.
Best regards. 
Reference: project DELTA",0
Invoice for approved purchase - 7,"Hello,
Hi team, attached are the notes from our meeting. Please review them before tomorrow afternoon.
for your information. 
Reference: project ORION",0
Payment failed - action required - 86,"Hello,
We detected unusual activity on your account. Verify your identity immediately using the secure link below.
Please secure verification portal. 
Reference: ticket 27477",1
Security alert: unusual login - 35,"Hello,
Our security team needs you to confirm your login information after a suspicious sign-in.
Please confirm your account. 
Do not delay.",1
Payment failed - action required - 83,"Hello,
Our security team needs you to confirm your login information after a suspicious sign-in.
Please confirm your account. ",1
Lunch and learn invitation - 3,"Hello,
Thanks for your help on the project. Please send your feedback in the usual internal channel.
let me know if you need anything. ",0
Weekly team update - 64,"Hello,
The project milestone is on track. Let me know if you have questions about the next sprint.
Thanks. ",0
Security alert: unusual login - 82,"Hello,
Our security team needs you to confirm your login information after a suspicious sign-in.
Please verify now. 
Do not delay.",1
Welcome to the project - 12,"Hello,
Please find the approved invoice attached. Finance can process it through the normal procurement workflow.
Please review. 
Sent from the company mail system.",0
Security alert: unusual login - 31,"Hello,
A recent payment could not be processed. Sign in and update your card information to avoid suspension.
Please click the link. 
Do not delay.",1
Meeting agenda for Friday - 91,"Hello,
Thanks for your help on the project. Please send your feedback in the usual internal channel.
let me know if you need anything. 
Have a good day.",0
Unusual activity detected - 33,"Hello,
Your account will be locked within 24 hours unless you confirm your password and billing details.
Please validate your credentials. 
Do not delay.",1
Security alert: unusual login - 53,"Hello,
A recent payment could not be processed. Sign in and update your card information to avoid suspension.
Please confirm your account. 
Do not delay.",1
Unusual activity detected - 71,"Hello,
You have received a secure document. Open the attachment and enter your credentials to view it.
Please update payment details. 
Reference: ticket 50038",1
Quarterly planning notes - 71,"Hello,
Thanks for your help on the project. Please send your feedback in the usual internal channel.
let me know if you need anything. 
Reference: project ORION",0
Unusual activity detected - 11,"Hello,
We detected unusual activity on your account. Verify your identity immediately using the secure link below.
Please validate your credentials. 
Do not delay.",1
Document review request - 35,"Hello,
Thanks for your help on the project. Please send your feedback in the usual internal channel.
Thanks. ",0
Password expiration warning - 57,"Hello,
A recent payment could not be processed. Sign in and update your card information to avoid suspension.
Please click the link. 
Reference: ticket 80776",1
Invoice for approved purchase - 89,"Hello,
Thanks for your help on the project. Please send your feedback in the usual internal channel.
Please review. ",0
Quarterly planning notes - 24,"Hello,
Hi team, attached are the notes from our meeting. Please review them before tomorrow afternoon.
Best regards. ",0
Project status report - 80,"Hello,
Please find the approved invoice attached. Finance can process it through the normal procurement workflow.
Thanks. 
Have a good day.",0
Welcome to the project - 21,"Hello,
Please find the approved invoice attached. Finance can process it through the normal procurement workflow.
Best regards. 
Sent from the company mail system.",0
System maintenance notice - 44,"Hello,
We are sharing the agenda for Friday's meeting. No action is required before the discussion.
for your information. 
Have a good day.",0
Invoice for approved purchase - 40,"Hello,
Thanks for your help on the project. Please send your feedback in the usual internal channel.
Please review. ",0
System maintenance notice - 74,"Hello,
The project milestone is on track. Let me know if you have questions about the next sprint.
let me know if you need anything. 
Sent from the company mail system.",0
Weekly team update - 48,"Hello,
Please find the approved invoice attached. Finance can process it through the normal procurement workflow.
attached for reference. 
Have a good day.",0
Your mailbox will be suspended - 94,"Hello,
Our security team needs you to confirm your login information after a suspicious sign-in.
Please confirm your account. ",1
System maintenance notice - 42,"Hello,
Please find the approved invoice attached. Finance can process it through the normal procurement workflow.
Thanks. 
Reference: project ORION",0
Weekly team update - 41,"Hello,
We are sharing the agenda for Friday's meeting. No action is required before the discussion.
attached for reference. ",0
Security alert: unusual login - 33,"Hello,
Our security team needs you to confirm your login information after a suspicious sign-in.
Please validate your credentials. 
This message requires immediate attention.",1
Security alert: unusual login - 51,"Hello,
Our security team needs you to confirm your login information after a suspicious sign-in.
Please validate your credentials. 
Reference: ticket 81197",1
Urgent account verification required - 23,"Hello,
Your account will be locked within 24 hours unless you confirm your password and billing details.
Please update payment details. 
Reference: ticket 74066",1
Meeting agenda for Friday - 3,"Hello,
Please find the approved invoice attached. Finance can process it through the normal procurement workflow.
Thanks. 
Sent from the company mail system.",0
Unusual activity detected - 10,"Hello,
Your account will be locked within 24 hours unless you confirm your password and billing details.
Please confirm your account. 
Do not delay.",1
System maintenance notice - 96,"Hello,
Please find the approved invoice attached. Finance can process it through the normal procurement workflow.
Best regards. 
Sent from the company mail system.",0
Payment failed - action required - 50,"Hello,
A recent payment could not be processed. Sign in and update your card information to avoid suspension.
Please click the link. ",1
Project status report - 12,"Hello,
Please find the approved invoice attached. Finance can process it through the normal procurement workflow.
for your information. 
Sent from the company mail system.",0
Welcome to the project - 47,"Hello,
The project milestone is on track. Let me know if you have questions about the next sprint.
for your information. 
Reference: project DELTA",0
Payment failed - action required - 38,"Hello,
Your account will be locked within 24 hours unless you confirm your password and billing details.
Please secure verification portal. ",1
Payment failed - action required - 35,"Hello,
A recent payment could not be processed. Sign in and update your card information to avoid suspension.
Please update payment details. 
This message requires immediate attention.",1
Document review request - 77,"Hello,
Please find the approved invoice attached. Finance can process it through the normal procurement workflow.
Thanks. 
Reference: project ALPHA",0
Project status report - 64,"Hello,
The scheduled maintenance window is this Saturday from 10 PM to midnight. Services may be briefly unavailable.
for your information. 
Have a good day.",0
Meeting agenda for Friday - 39,"Hello,
Please find the approved invoice attached. Finance can process it through the normal procurement workflow.
attached for reference. ",0
Payment failed - action required - 25,"Hello,
A recent payment could not be processed. Sign in and update your card information to avoid suspension.
Please update payment details. 
Do not delay.",1
Important security notice - 38,"Hello,
Our security team needs you to confirm your login information after a suspicious sign-in.
Please update payment details. 
Do not delay.",1
Your mailbox will be suspended - 64,"Hello,
We detected unusual activity on your account. Verify your identity immediately using the secure link below.
Please click the link. 
Do not delay.",1
System maintenance notice - 5,"Hello,
Hi team, attached are the notes from our meeting. Please review them before tomorrow afternoon.
attached for reference. 
Reference: project DELTA",0
Confirm your identity now - 88,"Hello,
Failure to respond may result in permanent account suspension. Verify your details now.
Please update payment details. 
Do not delay.",1
Confirm your identity now - 11,"Hello,
We detected unusual activity on your account. Verify your identity immediately using the secure link below.
Please validate your credentials. 
This message requires immediate attention.",1
Important security notice - 60,"Hello,
A recent payment could not be processed. Sign in and update your card information to avoid suspension.
Please update payment details. 
Reference: ticket 57139",1
Quarterly planning notes - 23,"Hello,
Please find the approved invoice attached. Finance can process it through the normal procurement workflow.
Please review. 
Sent from the company mail system.",0
Confirm your identity now - 67,"Hello,
Our security team needs you to confirm your login information after a suspicious sign-in.
Please verify now. 
Reference: ticket 32962",1
Lunch and learn invitation - 22,"Hello,
Hi team, attached are the notes from our meeting. Please review them before tomorrow afternoon.
attached for reference. 
Have a good day.",0
Meeting agenda for Friday - 98,"Hello,
We are sharing the agenda for Friday's meeting. No action is required before the discussion.
attached for reference. 
Sent from the company mail system.",0
System maintenance notice - 20,"Hello,
The project milestone is on track. Let me know if you have questions about the next sprint.
for your information. ",0
Quarterly planning notes - 18,"Hello,
The project milestone is on track. Let me know if you have questions about the next sprint.
for your information. 
Have a good day.",0
Confirm your identity now - 58,"Hello,
A recent payment could not be processed. Sign in and update your card information to avoid suspension.
Please confirm your account. 
This message requires immediate attention.",1
Meeting agenda for Friday - 72,"Hello,
The project milestone is on track. Let me know if you have questions about the next sprint.
let me know if you need anything. 
Reference: project ORION",0
Your mailbox will be suspended - 23,"Hello,
You have received a secure document. Open the attachment and enter your credentials to view it.
Please update payment details. 
Do not delay.",1
Invoice for approved purchase - 54,"Hello,
Thanks for your help on the project. Please send your feedback in the usual internal channel.
for your information. 
Reference: project DELTA",0
Security alert: unusual login - 77,"Hello,
You have received a secure document. Open the attachment and enter your credentials to view it.
Please click the link. ",1
Security alert: unusual login - 54,"Hello,
Your account will be locked within 24 hours unless you confirm your password and billing details.
Please secure verification portal. ",1
Invoice for approved purchase - 2,"Hello,
Hi team, attached are the notes from our meeting. Please review them before tomorrow afternoon.
Please review. 
Sent from the company mail system.",0
Project status report - 70,"Hello,
Hi team, attached are the notes from our meeting. Please review them before tomorrow afternoon.
Please review. ",0
Weekly team update - 20,"Hello,
The project milestone is on track. Let me know if you have questions about the next sprint.
Best regards. 
Reference: project DELTA",0
Your travel itinerary - 49,"Hello,
Please find the approved invoice attached. Finance can process it through the normal procurement workflow.
for your information. 
Reference: project ALPHA",0
Security alert: unusual login - 71,"Hello,
Failure to respond may result in permanent account suspension. Verify your details now.
Please confirm your account. 
Do not delay.",1
Your travel itinerary - 18,"Hello,
The project milestone is on track. Let me know if you have questions about the next sprint.
attached for reference. ",0
Your mailbox will be suspended - 22,"Hello,
Our security team needs you to confirm your login information after a suspicious sign-in.
Please validate your credentials. 
This message requires immediate attention.",1
Important security notice - 48,"Hello,
You have received a secure document. Open the attachment and enter your credentials to view it.
Please click the link. ",1
Lunch and learn invitation - 85,"Hello,
The scheduled maintenance window is this Saturday from 10 PM to midnight. Services may be briefly unavailable.
attached for reference. ",0
Important security notice - 43,"Hello,
Failure to respond may result in permanent account suspension. Verify your details now.
Please confirm your account. 
Reference: ticket 20592",1
Project status report - 40,"Hello,
Please find the approved invoice attached. Finance can process it through the normal procurement workflow.
Thanks. ",0
System maintenance notice - 25,"Hello,
Please find the approved invoice attached. Finance can process it through the normal procurement workflow.
let me know if you need anything. ",0
Document review request - 34,"Hello,
Thanks for your help on the project. Please send your feedback in the usual internal channel.
Thanks. 
Reference: project ALPHA",0
Welcome to the project - 76,"Hello,
We are sharing the agenda for Friday's meeting. No action is required before the discussion.
Please review. 
Have a good day.",0
Lunch and learn invitation - 56,"Hello,
Thanks for your help on the project. Please send your feedback in the usual internal channel.
let me know if you need anything. 
Sent from the company mail system.",0
Password expiration warning - 57,"Hello,
Our security team needs you to confirm your login information after a suspicious sign-in.
Please validate your credentials. 
Do not delay.",1
System maintenance notice - 97,"Hello,
Hi team, attached are the notes from our meeting. Please review them before tomorrow afternoon.
Best regards. 
Have a good day.",0
Confirm your identity now - 90,"Hello,
You have received a secure document. Open the attachment and enter your credentials to view it.
Please verify now. 
This message requires immediate attention.",1
Welcome to the project - 58,"Hello,
Please find the approved invoice attached. Finance can process it through the normal procurement workflow.
Thanks. ",0
Payment failed - action required - 60,"Hello,
Our security team needs you to confirm your login information after a suspicious sign-in.
Please update payment details. 
Reference: ticket 47101",1
Security alert: unusual login - 93,"Hello,
You have received a secure document. Open the attachment and enter your credentials to view it.
Please update payment details. 
Reference: ticket 97207",1
Important security notice - 59,"Hello,
We detected unusual activity on your account. Verify your identity immediately using the secure link below.
Please update payment details. 
Do not delay.",1
Confirm your identity now - 12,"Hello,
A recent payment could not be processed. Sign in and update your card information to avoid suspension.
Please confirm your account. ",1
Lunch and learn invitation - 4,"Hello,
Please find the approved invoice attached. Finance can process it through the normal procurement workflow.
Please review. 
Have a good day.",0
Welcome to the project - 83,"Hello,
Please find the approved invoice attached. Finance can process it through the normal procurement workflow.
Thanks. 
Reference: project ALPHA",0
Unusual activity detected - 5,"Hello,
Failure to respond may result in permanent account suspension. Verify your details now.
Please click the link. 
This message requires immediate attention.",1
Confirm your identity now - 81,"Hello,
A recent payment could not be processed. Sign in and update your card information to avoid suspension.
Please verify now. 
Do not delay.",1
Document review request - 53,"Hello,
Thanks for your help on the project. Please send your feedback in the usual internal channel.
Best regards. 
Reference: project DELTA",0
System maintenance notice - 21,"Hello,
The scheduled maintenance window is this Saturday from 10 PM to midnight. Services may be briefly unavailable.
for your information. ",0
Security alert: unusual login - 70,"Hello,
Our security team needs you to confirm your login information after a suspicious sign-in.
Please verify now. 
This message requires immediate attention.",1
System maintenance notice - 80,"Hello,
The project milestone is on track. Let me know if you have questions about the next sprint.
for your information. 
Sent from the company mail system.",0
Your travel itinerary - 42,"Hello,
Please find the approved invoice attached. Finance can process it through the normal procurement workflow.
let me know if you need anything. 
Have a good day.",0
Confirm your identity now - 27,"Hello,
Failure to respond may result in permanent account suspension. Verify your details now.
Please verify now. 
This message requires immediate attention.",1
Welcome to the project - 26,"Hello,
We are sharing the agenda for Friday's meeting. No action is required before the discussion.
for your information. ",0
Payment failed - action required - 28,"Hello,
Your account will be locked within 24 hours unless you confirm your password and billing details.
Please secure verification portal. 
Reference: ticket 73653",1
Password expiration warning - 26,"Hello,
You have received a secure document. Open the attachment and enter your credentials to view it.
Please confirm your account. ",1
Project status report - 98,"Hello,
The project milestone is on track. Let me know if you have questions about the next sprint.
Best regards. 
Have a good day.",0
Password expiration warning - 83,"Hello,
You have received a secure document. Open the attachment and enter your credentials to view it.
Please click the link. 
Reference: ticket 41499",1
Quarterly planning notes - 94,"Hello,
We are sharing the agenda for Friday's meeting. No action is required before the discussion.
Thanks. 
Have a good day.",0
Your travel itinerary - 92,"Hello,
Thanks for your help on the project. Please send your feedback in the usual internal channel.
attached for reference. 
Reference: project ALPHA",0
Welcome to the project - 79,"Hello,
The scheduled maintenance window is this Saturday from 10 PM to midnight. Services may be briefly unavailable.
attached for reference. 
Sent from the company mail system.",0
Payment failed - action required - 97,"Hello,
Failure to respond may result in permanent account suspension. Verify your details now.
Please update payment details. 
This message requires immediate attention.",1
Document review request - 13,"Hello,
The scheduled maintenance window is this Saturday from 10 PM to midnight. Services may be briefly unavailable.
Best regards. 
Have a good day.",0
Payment failed - action required - 70,"Hello,
A recent payment could not be processed. Sign in and update your card information to avoid suspension.
Please update payment details. 
Reference: ticket 30676",1
Lunch and learn invitation - 5,"Hello,
Hi team, attached are the notes from our meeting. Please review them before tomorrow afternoon.
Best regards. 
Sent from the company mail system.",0
Meeting agenda for Friday - 61,"Hello,
Please find the approved invoice attached. Finance can process it through the normal procurement workflow.
for your information. 
Sent from the company mail system.",0
Your mailbox will be suspended - 58,"Hello,
Failure to respond may result in permanent account suspension. Verify your details now.
Please secure verification portal. ",1
Your mailbox will be suspended - 73,"Hello,
Your account will be locked within 24 hours unless you confirm your password and billing details.
Please validate your credentials. 
This message requires immediate attention.",1
Welcome to the project - 32,"Hello,
Hi team, attached are the notes from our meeting. Please review them before tomorrow afternoon.
attached for reference. ",0
Unusual activity detected - 50,"Hello,
You have received a secure document. Open the attachment and enter your credentials to view it.
Please confirm your account. 
Do not delay.",1
Security alert: unusual login - 27,"Hello,
You have received a secure document. Open the attachment and enter your credentials to view it.
Please validate your credentials. 
Reference: ticket 72759",1
Weekly team update - 21,"Hello,
The project milestone is on track. Let me know if you have questions about the next sprint.
Thanks. 
Have a good day.",0
Quarterly planning notes - 76,"Hello,
We are sharing the agenda for Friday's meeting. No action is required before the discussion.
Thanks. 
Have a good day.",0
Security alert: unusual login - 95,"Hello,
Our security team needs you to confirm your login information after a suspicious sign-in.
Please validate your credentials. 
Do not delay.",1
Your mailbox will be suspended - 6,"Hello,
Failure to respond may result in permanent account suspension. Verify your details now.
Please click the link. 
Reference: ticket 25643",1
Document review request - 7,"Hello,
The project milestone is on track. Let me know if you have questions about the next sprint.
Please review. 
Sent from the company mail system.",0
Project status report - 9,"Hello,
Thanks for your help on the project. Please send your feedback in the usual internal channel.
attached for reference. 
Reference: project ORION",0
Document review request - 57,"Hello,
Please find the approved invoice attached. Finance can process it through the normal procurement workflow.
let me know if you need anything. 
Sent from the company mail system.",0
Payment failed - action required - 19,"Hello,
Failure to respond may result in permanent account suspension. Verify your details now.
Please update payment details. 
Do not delay.",1
System maintenance notice - 36,"Hello,
Please find the approved invoice attached. Finance can process it through the normal procurement workflow.
attached for reference. 
Have a good day.",0
Quarterly planning notes - 84,"Hello,
We are sharing the agenda for Friday's meeting. No action is required before the discussion.
attached for reference. 
Sent from the company mail system.",0
Your mailbox will be suspended - 41,"Hello,
A recent payment could not be processed. Sign in and update your card information to avoid suspension.
Please click the link. ",1
Your mailbox will be suspended - 81,"Hello,
Our security team needs you to confirm your login information after a suspicious sign-in.
Please click the link. 
Do not delay.",1
Important security notice - 64,"Hello,
Failure to respond may result in permanent account suspension. Verify your details now.
Please verify now. 
Do not delay.",1
Project status report - 87,"Hello,
Hi team, attached are the notes from our meeting. Please review them before tomorrow afternoon.
let me know if you need anything. 
Reference: project DELTA",0
System maintenance notice - 54,"Hello,
The project milestone is on track. Let me know if you have questions about the next sprint.
attached for reference. 
Sent from the company mail system.",0
Confirm your identity now - 63,"Hello,
Our security team needs you to confirm your login information after a suspicious sign-in.
Please verify now. 
This message requires immediate attention.",1
System maintenance notice - 1,"Hello,
Hi team, attached are the notes from our meeting. Please review them before tomorrow afternoon.
attached for reference. 
Reference: project ORION",0
Important security notice - 85,"Hello,
Our security team needs you to confirm your login information after a suspicious sign-in.
Please confirm your account. ",1
Unusual activity detected - 89,"Hello,
A recent payment could not be processed. Sign in and update your card information to avoid suspension.
Please click the link. 
This message requires immediate attention.",1
Lunch and learn invitation - 44,"Hello,
The scheduled maintenance window is this Saturday from 10 PM to midnight. Services may be briefly unavailable.
let me know if you need anything. 
Have a good day.",0
Important security notice - 73,"Hello,
You have received a secure document. Open the attachment and enter your credentials to view it.
Please click the link. 
This message requires immediate attention.",1
Unusual activity detected - 78,"Hello,
Failure to respond may result in permanent account suspension. Verify your details now.
Please verify now. 
Do not delay.",1
Document review request - 42,"Hello,
The scheduled maintenance window is this Saturday from 10 PM to midnight. Services may be briefly unavailable.
Best regards. 
Reference: project DELTA",0
Payment failed - action required - 10,"Hello,
A recent payment could not be processed. Sign in and update your card information to avoid suspension.
Please validate your credentials. 
Reference: ticket 47056",1
Lunch and learn invitation - 87,"Hello,
Hi team, attached are the notes from our meeting. Please review them before tomorrow afternoon.
Best regards. 
Have a good day.",0
Unusual activity detected - 95,"Hello,
You have received a secure document. Open the attachment and enter your credentials to view it.
Please validate your credentials. 
Reference: ticket 38010",1
Important security notice - 6,"Hello,
Our security team needs you to confirm your login information after a suspicious sign-in.
Please click the link. 
Reference: ticket 68400",1
Document review request - 75,"Hello,
Thanks for your help on the project. Please send your feedback in the usual internal channel.
let me know if you need anything. 
Reference: project ALPHA",0
Lunch and learn invitation - 20,"Hello,
Please find the approved invoice attached. Finance can process it through the normal procurement workflow.
Please review. 
Reference: project ORION",0
Quarterly planning notes - 74,"Hello,
The project milestone is on track. Let me know if you have questions about the next sprint.
Best regards. ",0
Welcome to the project - 70,"Hello,
The project milestone is on track. Let me know if you have questions about the next sprint.
for your information. 
Reference: project ALPHA",0
Urgent account verification required - 26,"Hello,
You have received a secure document. Open the attachment and enter your credentials to view it.
Please verify now. 
Reference: ticket 99538",1
Your mailbox will be suspended - 37,"Hello,
A recent payment could not be processed. Sign in and update your card information to avoid suspension.
Please secure verification portal. ",1
Your travel itinerary - 95,"Hello,
The project milestone is on track. Let me know if you have questions about the next sprint.
Please review. ",0
Your mailbox will be suspended - 60,"Hello,
Our security team needs you to confirm your login information after a suspicious sign-in.
Please validate your credentials. 
Do not delay.",1
Urgent account verification required - 62,"Hello,
Our security team needs you to confirm your login information after a suspicious sign-in.
Please click the link. ",1
Your mailbox will be suspended - 73,"Hello,
Your account will be locked within 24 hours unless you confirm your password and billing details.
Please confirm your account. ",1
Welcome to the project - 61,"Hello,
Hi team, attached are the notes from our meeting. Please review them before tomorrow afternoon.
Thanks. 
Sent from the company mail system.",0
System maintenance notice - 69,"Hello,
We are sharing the agenda for Friday's meeting. No action is required before the discussion.
Thanks. ",0
Welcome to the project - 42,"Hello,
We are sharing the agenda for Friday's meeting. No action is required before the discussion.
Thanks. ",0
Invoice for approved purchase - 51,"Hello,
The scheduled maintenance window is this Saturday from 10 PM to midnight. Services may be briefly unavailable.
Please review. 
Have a good day.",0
Quarterly planning notes - 22,"Hello,
We are sharing the agenda for Friday's meeting. No action is required before the discussion.
Please review. 
Reference: project ALPHA",0
Your travel itinerary - 78,"Hello,
Thanks for your help on the project. Please send your feedback in the usual internal channel.
let me know if you need anything. 
Sent from the company mail system.",0
Meeting agenda for Friday - 44,"Hello,
Hi team, attached are the notes from our meeting. Please review them before tomorrow afternoon.
for your information. ",0
Meeting agenda for Friday - 49,"Hello,
Thanks for your help on the project. Please send your feedback in the usual internal channel.
let me know if you need anything. 
Have a good day.",0
Weekly team update - 17,"Hello,
Hi team, attached are the notes from our meeting. Please review them before tomorrow afternoon.
for your information. ",0
Password expiration warning - 67,"Hello,
Our security team needs you to confirm your login information after a suspicious sign-in.
Please click the link. 
Do not delay.",1
Your travel itinerary - 90,"Hello,
We are sharing the agenda for Friday's meeting. No action is required before the discussion.
let me know if you need anything. 
Have a good day.",0
Document review request - 32,"Hello,
Please find the approved invoice attached. Finance can process it through the normal procurement workflow.
Best regards. 
Sent from the company mail system.",0
Password expiration warning - 63,"Hello,
You have received a secure document. Open the attachment and enter your credentials to view it.
Please click the link. 
Do not delay.",1
Your mailbox will be suspended - 48,"Hello,
Your account will be locked within 24 hours unless you confirm your password and billing details.
Please validate your credentials. 
Reference: ticket 94656",1
System maintenance notice - 56,"Hello,
The scheduled maintenance window is this Saturday from 10 PM to midnight. Services may be briefly unavailable.
attached for reference. 
Sent from the company mail system.",0
Your mailbox will be suspended - 12,"Hello,
Our security team needs you to confirm your login information after a suspicious sign-in.
Please update payment details. ",1
Welcome to the project - 24,"Hello,
Please find the approved invoice attached. Finance can process it through the normal procurement workflow.
for your information. ",0
Security alert: unusual login - 78,"Hello,
You have received a secure document. Open the attachment and enter your credentials to view it.
Please confirm your account. 
This message requires immediate attention.",1
Invoice for approved purchase - 78,"Hello,
Thanks for your help on the project. Please send your feedback in the usual internal channel.
let me know if you need anything. 
Sent from the company mail system.",0
Document review request - 7,"Hello,
We are sharing the agenda for Friday's meeting. No action is required before the discussion.
Best regards. ",0
Document review request - 4,"Hello,
Thanks for your help on the project. Please send your feedback in the usual internal channel.
for your information. 
Sent from the company mail system.",0
Project status report - 11,"Hello,
We are sharing the agenda for Friday's meeting. No action is required before the discussion.
Thanks. 
Have a good day.",0
Urgent account verification required - 81,"Hello,
Our security team needs you to confirm your login information after a suspicious sign-in.
Please validate your credentials. 
Do not delay.",1
Your mailbox will be suspended - 84,"Hello,
We detected unusual activity on your account. Verify your identity immediately using the secure link below.
Please click the link. 
Reference: ticket 30701",1
Unusual activity detected - 86,"Hello,
Failure to respond may result in permanent account suspension. Verify your details now.
Please click the link. 
This message requires immediate attention.",1
Important security notice - 91,"Hello,
Our security team needs you to confirm your login information after a suspicious sign-in.
Please click the link. 
Reference: ticket 79774",1
Security alert: unusual login - 17,"Hello,
You have received a secure document. Open the attachment and enter your credentials to view it.
Please secure verification portal. 
This message requires immediate attention.",1
Urgent account verification required - 45,"Hello,
A recent payment could not be processed. Sign in and update your card information to avoid suspension.
Please confirm your account. ",1
System maintenance notice - 59,"Hello,
Thanks for your help on the project. Please send your feedback in the usual internal channel.
let me know if you need anything. 
Have a good day.",0
System maintenance notice - 83,"Hello,
Hi team, attached are the notes from our meeting. Please review them before tomorrow afternoon.
Please review. 
Sent from the company mail system.",0
Unusual activity detected - 89,"Hello,
A recent payment could not be processed. Sign in and update your card information to avoid suspension.
Please secure verification portal. 
Reference: ticket 29848",1
Invoice for approved purchase - 59,"Hello,
Thanks for your help on the project. Please send your feedback in the usual internal channel.
Please review. 
Sent from the company mail system.",0
System maintenance notice - 60,"Hello,
Hi team, attached are the notes from our meeting. Please review them before tomorrow afternoon.
Please review. ",0
Urgent account verification required - 61,"Hello,
We detected unusual activity on your account. Verify your identity immediately using the secure link below.
Please verify now. 
This message requires immediate attention.",1
Document review request - 28,"Hello,
Hi team, attached are the notes from our meeting. Please review them before tomorrow afternoon.
Best regards. 
Have a good day.",0
Meeting agenda for Friday - 32,"Hello,
Thanks for your help on the project. Please send your feedback in the usual internal channel.
Best regards. 
Have a good day.",0
Document review request - 38,"Hello,
We are sharing the agenda for Friday's meeting. No action is required before the discussion.
Best regards. 
Sent from the company mail system.",0
Invoice for approved purchase - 6,"Hello,
The scheduled maintenance window is this Saturday from 10 PM to midnight. Services may be briefly unavailable.
for your information. ",0
System maintenance notice - 12,"Hello,
The project milestone is on track. Let me know if you have questions about the next sprint.
Thanks. 
Sent from the company mail system.",0
Invoice for approved purchase - 9,"Hello,
Hi team, attached are the notes from our meeting. Please review them before tomorrow afternoon.
attached for reference. 
Reference: project ORION",0
Lunch and learn invitation - 23,"Hello,
Thanks for your help on the project. Please send your feedback in the usual internal channel.
Best regards. 
Sent from the company mail system.",0
Your mailbox will be suspended - 33,"Hello,
Failure to respond may result in permanent account suspension. Verify your details now.
Please validate your credentials. ",1
Project status report - 16,"Hello,
Please find the approved invoice attached. Finance can process it through the normal procurement workflow.
Please review. 
Have a good day.",0
Urgent account verification required - 77,"Hello,
We detected unusual activity on your account. Verify your identity immediately using the secure link below.
Please update payment details. ",1
Project status report - 61,"Hello,
We are sharing the agenda for Friday's meeting. No action is required before the discussion.
Thanks. ",0
Invoice for approved purchase - 23,"Hello,
We are sharing the agenda for Friday's meeting. No action is required before the discussion.
Best regards. ",0
Welcome to the project - 54,"Hello,
The scheduled maintenance window is this Saturday from 10 PM to midnight. Services may be briefly unavailable.
let me know if you need anything. ",0
Meeting agenda for Friday - 76,"Hello,
Please find the approved invoice attached. Finance can process it through the normal procurement workflow.
let me know if you need anything. 
Have a good day.",0
Security alert: unusual login - 18,"Hello,
We detected unusual activity on your account. Verify your identity immediately using the secure link below.
Please update payment details. 
This message requires immediate attention.",1
Welcome to the project - 79,"Hello,
We are sharing the agenda for Friday's meeting. No action is required before the discussion.
attached for reference. 
Sent from the company mail system.",0
Lunch and learn invitation - 43,"Hello,
Hi team, attached are the notes from our meeting. Please review them before tomorrow afternoon.
let me know if you need anything. ",0
Document review request - 60,"Hello,
Hi team, attached are the notes from our meeting. Please review them before tomorrow afternoon.
for your information. 
Reference: project DELTA",0
Invoice for approved purchase - 3,"Hello,
Hi team, attached are the notes from our meeting. Please review them before tomorrow afternoon.
Best regards. ",0
Payment failed - action required - 91,"Hello,
Your account will be locked within 24 hours unless you confirm your password and billing details.
Please validate your credentials. 
This message requires immediate attention.",1
System maintenance notice - 59,"Hello,
The project milestone is on track. Let me know if you have questions about the next sprint.
attached for reference. 
Have a good day.",0
Document review request - 74,"Hello,
Thanks for your help on the project. Please send your feedback in the usual internal channel.
let me know if you need anything. 
Sent from the company mail system.",0
Payment failed - action required - 57,"Hello,
Failure to respond may result in permanent account suspension. Verify your details now.
Please update payment details. 
This message requires immediate attention.",1
Urgent account verification required - 55,"Hello,
Failure to respond may result in permanent account suspension. Verify your details now.
Please secure verification portal. 
Do not delay.",1
Unusual activity detected - 42,"Hello,
Your account will be locked within 24 hours unless you confirm your password and billing details.
Please click the link. 
Do not delay.",1
Important security notice - 99,"Hello,
Your account will be locked within 24 hours unless you confirm your password and billing details.
Please validate your credentials. ",1
Urgent account verification required - 85,"Hello,
Our security team needs you to confirm your login information after a suspicious sign-in.
Please validate your credentials. 
Reference: ticket 97392",1
System maintenance notice - 46,"Hello,
The scheduled maintenance window is this Saturday from 10 PM to midnight. Services may be briefly unavailable.
Please review. 
Have a good day.",0
Meeting agenda for Friday - 59,"Hello,
Please find the approved invoice attached. Finance can process it through the normal procurement workflow.
for your information. 
Reference: project DELTA",0
Document review request - 66,"Hello,
Thanks for your help on the project. Please send your feedback in the usual internal channel.
attached for reference. 
Have a good day.",0
Weekly team update - 95,"Hello,
Hi team, attached are the notes from our meeting. Please review them before tomorrow afternoon.
Thanks. ",0
Urgent account verification required - 52,"Hello,
We detected unusual activity on your account. Verify your identity immediately using the secure link below.
Please confirm your account. 
Do not delay.",1
Your mailbox will be suspended - 6,"Hello,
Failure to respond may result in permanent account suspension. Verify your details now.
Please secure verification portal. 
Do not delay.",1
Your travel itinerary - 94,"Hello,
We are sharing the agenda for Friday's meeting. No action is required before the discussion.
Please review. 
Have a good day.",0
Unusual activity detected - 13,"Hello,
A recent payment could not be processed. Sign in and update your card information to avoid suspension.
Please validate your credentials. ",1
Lunch and learn invitation - 48,"Hello,
Hi team, attached are the notes from our meeting. Please review them before tomorrow afternoon.
attached for reference. ",0
Security alert: unusual login - 34,"Hello,
A recent payment could not be processed. Sign in and update your card information to avoid suspension.
Please click the link. 
Reference: ticket 55071",1
Payment failed - action required - 59,"Hello,
Your account will be locked within 24 hours unless you confirm your password and billing details.
Please verify now. 
Do not delay.",1
Your travel itinerary - 80,"Hello,
We are sharing the agenda for Friday's meeting. No action is required before the discussion.
let me know if you need anything. 
Have a good day.",0
Password expiration warning - 30,"Hello,
We detected unusual activity on your account. Verify your identity immediately using the secure link below.
Please verify now. 
Do not delay.",1
Confirm your identity now - 44,"Hello,
We detected unusual activity on your account. Verify your identity immediately using the secure link below.
Please confirm your account. 
This message requires immediate attention.",1
Weekly team update - 51,"Hello,
Please find the approved invoice attached. Finance can process it through the normal procurement workflow.
let me know if you need anything. ",0
Important security notice - 86,"Hello,
Your account will be locked within 24 hours unless you confirm your password and billing details.
Please secure verification portal. 
This message requires immediate attention.",1
System maintenance notice - 15,"Hello,
The project milestone is on track. Let me know if you have questions about the next sprint.
attached for reference. ",0
Your travel itinerary - 37,"Hello,
Hi team, attached are the notes from our meeting. Please review them before tomorrow afternoon.
Best regards. 
Reference: project ALPHA",0
Your mailbox will be suspended - 45,"Hello,
A recent payment could not be processed. Sign in and update your card information to avoid suspension.
Please verify now. 
Do not delay.",1
Your travel itinerary - 3,"Hello,
Thanks for your help on the project. Please send your feedback in the usual internal channel.
Best regards. 
Reference: project ORION",0
Important security notice - 88,"Hello,
Our security team needs you to confirm your login information after a suspicious sign-in.
Please update payment details. 
Do not delay.",1
Meeting agenda for Friday - 38,"Hello,
Thanks for your help on the project. Please send your feedback in the usual internal channel.
Thanks. ",0
Important security notice - 34,"Hello,
Your account will be locked within 24 hours unless you confirm your password and billing details.
Please secure verification portal. 
Reference: ticket 50410",1
Weekly team update - 46,"Hello,
Thanks for your help on the project. Please send your feedback in the usual internal channel.
for your information. ",0
Invoice for approved purchase - 82,"Hello,
Please find the approved invoice attached. Finance can process it through the normal procurement workflow.
for your information. ",0
Unusual activity detected - 68,"Hello,
You have received a secure document. Open the attachment and enter your credentials to view it.
Please validate your credentials. ",1
Your mailbox will be suspended - 40,"Hello,
You have received a secure document. Open the attachment and enter your credentials to view it.
Please click the link. 
Reference: ticket 71186",1
Welcome to the project - 80,"Hello,
Hi team, attached are the notes from our meeting. Please review them before tomorrow afternoon.
Please review. 
Have a good day.",0
Your mailbox will be suspended - 12,"Hello,
You have received a secure document. Open the attachment and enter your credentials to view it.
Please verify now. 
Reference: ticket 40008",1
Unusual activity detected - 6,"Hello,
Your account will be locked within 24 hours unless you confirm your password and billing details.
Please verify now. ",1
Urgent account verification required - 3,"Hello,
Our security team needs you to confirm your login information after a suspicious sign-in.
Please validate your credentials. 
This message requires immediate attention.",1
Important security notice - 64,"Hello,
Our security team needs you to confirm your login information after a suspicious sign-in.
Please click the link. 
Do not delay.",1
Project status report - 95,"Hello,
Hi team, attached are the notes from our meeting. Please review them before tomorrow afternoon.
Please review. 
Have a good day.",0
Document review request - 82,"Hello,
Thanks for your help on the project. Please send your feedback in the usual internal channel.
Best regards. 
Sent from the company mail system.",0
Quarterly planning notes - 17,"Hello,
Hi team, attached are the notes from our meeting. Please review them before tomorrow afternoon.
attached for reference. 
Have a good day.",0
Document review request - 25,"Hello,
Please find the approved invoice attached. Finance can process it through the normal procurement workflow.
let me know if you need anything. 
Have a good day.",0
Project status report - 15,"Hello,
Thanks for your help on the project. Please send your feedback in the usual internal channel.
let me know if you need anything. ",0
Meeting agenda for Friday - 28,"Hello,
The project milestone is on track. Let me know if you have questions about the next sprint.
Please review. 
Have a good day.",0
Your travel itinerary - 49,"Hello,
We are sharing the agenda for Friday's meeting. No action is required before the discussion.
Please review. 
Reference: project ALPHA",0
Security alert: unusual login - 21,"Hello,
Our security team needs you to confirm your login information after a suspicious sign-in.
Please click the link. 
This message requires immediate attention.",1
Important security notice - 69,"Hello,
Our security team needs you to confirm your login information after a suspicious sign-in.
Please update payment details. 
Reference: ticket 15695",1
Unusual activity detected - 37,"Hello,
A recent payment could not be processed. Sign in and update your card information to avoid suspension.
Please secure verification portal. 
This message requires immediate attention.",1
Important security notice - 31,"Hello,
Our security team needs you to confirm your login information after a suspicious sign-in.
Please click the link. 
This message requires immediate attention.",1
Important security notice - 32,"Hello,
Your account will be locked within 24 hours unless you confirm your password and billing details.
Please confirm your account. ",1
Unusual activity detected - 29,"Hello,
Failure to respond may result in permanent account suspension. Verify your details now.
Please confirm your account. 
Reference: ticket 57948",1
Confirm your identity now - 49,"Hello,
Our security team needs you to confirm your login information after a suspicious sign-in.
Please verify now. 
Reference: ticket 46899",1
Project status report - 61,"Hello,
We are sharing the agenda for Friday's meeting. No action is required before the discussion.
for your information. 
Reference: project ALPHA",0
Weekly team update - 43,"Hello,
The scheduled maintenance window is this Saturday from 10 PM to midnight. Services may be briefly unavailable.
Thanks. 
Sent from the company mail system.",0
Your mailbox will be suspended - 23,"Hello,
Failure to respond may result in permanent account suspension. Verify your details now.
Please confirm your account. ",1
Meeting agenda for Friday - 49,"Hello,
We are sharing the agenda for Friday's meeting. No action is required before the discussion.
Please review. 
Have a good day.",0
Project status report - 4,"Hello,
Please find the approved invoice attached. Finance can process it through the normal procurement workflow.
Please review. ",0
Meeting agenda for Friday - 52,"Hello,
The scheduled maintenance window is this Saturday from 10 PM to midnight. Services may be briefly unavailable.
attached for reference. ",0
Project status report - 40,"Hello,
Please find the approved invoice attached. Finance can process it through the normal procurement workflow.
for your information. 
Reference: project DELTA",0
Lunch and learn invitation - 66,"Hello,
Thanks for your help on the project. Please send your feedback in the usual internal channel.
for your information. 
Have a good day.",0
Password expiration warning - 62,"Hello,
A recent payment could not be processed. Sign in and update your card information to avoid suspension.
Please update payment details. 
This message requires immediate attention.",1
Your travel itinerary - 81,"Hello,
The scheduled maintenance window is this Saturday from 10 PM to midnight. Services may be briefly unavailable.
Please review. 
Have a good day.",0
Important security notice - 72,"Hello,
A recent payment could not be processed. Sign in and update your card information to avoid suspension.
Please update payment details. 
This message requires immediate attention.",1
Important security notice - 71,"Hello,
You have received a secure document. Open the attachment and enter your credentials to view it.
Please click the link. 
Reference: ticket 76162",1
Your mailbox will be suspended - 51,"Hello,
Your account will be locked within 24 hours unless you confirm your password and billing details.
Please update payment details. 
This message requires immediate attention.",1
Important security notice - 79,"Hello,
A recent payment could not be processed. Sign in and update your card information to avoid suspension.
Please verify now. ",1
Password expiration warning - 98,"Hello,
Our security team needs you to confirm your login information after a suspicious sign-in.
Please secure verification portal. 
Do not delay.",1
Payment failed - action required - 64,"Hello,
Our security team needs you to confirm your login information after a suspicious sign-in.
Please secure verification portal. ",1
Invoice for approved purchase - 14,"Hello,
The project milestone is on track. Let me know if you have questions about the next sprint.
let me know if you need anything. ",0
System maintenance notice - 77,"Hello,
The scheduled maintenance window is this Saturday from 10 PM to midnight. Services may be briefly unavailable.
Please review. 
Sent from the company mail system.",0
Weekly team update - 19,"Hello,
The scheduled maintenance window is this Saturday from 10 PM to midnight. Services may be briefly unavailable.
Best regards. 
Have a good day.",0
Security alert: unusual login - 13,"Hello,
Failure to respond may result in permanent account suspension. Verify your details now.
Please confirm your account. 
Do not delay.",1
Your travel itinerary - 63,"Hello,
We are sharing the agenda for Friday's meeting. No action is required before the discussion.
let me know if you need anything. 
Have a good day.",0
Security alert: unusual login - 20,"Hello,
You have received a secure document. Open the attachment and enter your credentials to view it.
Please secure verification portal. ",1
Important security notice - 24,"Hello,
A recent payment could not be processed. Sign in and update your card information to avoid suspension.
Please secure verification portal. 
Reference: ticket 46651",1
System maintenance notice - 40,"Hello,
The scheduled maintenance window is this Saturday from 10 PM to midnight. Services may be briefly unavailable.
Best regards. 
Have a good day.",0
Your travel itinerary - 53,"Hello,
Please find the approved invoice attached. Finance can process it through the normal procurement workflow.
Thanks. 
Sent from the company mail system.",0
Payment failed - action required - 47,"Hello,
Failure to respond may result in permanent account suspension. Verify your details now.
Please validate your credentials. 
This message requires immediate attention.",1
Confirm your identity now - 38,"Hello,
Your account will be locked within 24 hours unless you confirm your password and billing details.
Please verify now. 
This message requires immediate attention.",1
Your mailbox will be suspended - 46,"Hello,
A recent payment could not be processed. Sign in and update your card information to avoid suspension.
Please secure verification portal. ",1
Quarterly planning notes - 56,"Hello,
Please find the approved invoice attached. Finance can process it through the normal procurement workflow.
attached for reference. 
Reference: project DELTA",0
Lunch and learn invitation - 5,"Hello,
We are sharing the agenda for Friday's meeting. No action is required before the discussion.
attached for reference. ",0
Unusual activity detected - 95,"Hello,
Failure to respond may result in permanent account suspension. Verify your details now.
Please update payment details. ",1
Lunch and learn invitation - 86,"Hello,
Thanks for your help on the project. Please send your feedback in the usual internal channel.
attached for reference. 
Reference: project ORION",0
Password expiration warning - 64,"Hello,
Failure to respond may result in permanent account suspension. Verify your details now.
Please click the link. 
Reference: ticket 35485",1
Weekly team update - 97,"Hello,
Hi team, attached are the notes from our meeting. Please review them before tomorrow afternoon.
Please review. ",0
Quarterly planning notes - 42,"Hello,
We are sharing the agenda for Friday's meeting. No action is required before the discussion.
let me know if you need anything. 
Reference: project DELTA",0
Password expiration warning - 88,"Hello,
You have received a secure document. Open the attachment and enter your credentials to view it.
Please secure verification portal. ",1
Invoice for approved purchase - 68,"Hello,
The scheduled maintenance window is this Saturday from 10 PM to midnight. Services may be briefly unavailable.
for your information. 
Sent from the company mail system.",0
Important security notice - 32,"Hello,
Our security team needs you to confirm your login information after a suspicious sign-in.
Please confirm your account. ",1
Your mailbox will be suspended - 19,"Hello,
Your account will be locked within 24 hours unless you confirm your password and billing details.
Please update payment details. 
Reference: ticket 63633",1
System maintenance notice - 23,"Hello,
Please find the approved invoice attached. Finance can process it through the normal procurement workflow.
attached for reference. 
Sent from the company mail system.",0
Meeting agenda for Friday - 64,"Hello,
Thanks for your help on the project. Please send your feedback in the usual internal channel.
let me know if you need anything. 
Sent from the company mail system.",0
Lunch and learn invitation - 97,"Hello,
Please find the approved invoice attached. Finance can process it through the normal procurement workflow.
attached for reference. 
Have a good day.",0
Lunch and learn invitation - 27,"Hello,
Thanks for your help on the project. Please send your feedback in the usual internal channel.
let me know if you need anything. ",0
Security alert: unusual login - 32,"Hello,
Your account will be locked within 24 hours unless you confirm your password and billing details.
Please confirm your account. 
This message requires immediate attention.",1
Unusual activity detected - 18,"Hello,
Failure to respond may result in permanent account suspension. Verify your details now.
Please click the link. 
Reference: ticket 78723",1
Payment failed - action required - 60,"Hello,
You have received a secure document. Open the attachment and enter your credentials to view it.
Please click the link. 
This message requires immediate attention.",1
Invoice for approved purchase - 40,"Hello,
The project milestone is on track. Let me know if you have questions about the next sprint.
Thanks. 
Sent from the company mail system.",0
Unusual activity detected - 6,"Hello,
We detected unusual activity on your account. Verify your identity immediately using the secure link below.
Please update payment details. 
Do not delay.",1
Security alert: unusual login - 46,"Hello,
Failure to respond may result in permanent account suspension. Verify your details now.
Please verify now. ",1
Your travel itinerary - 94,"Hello,
Hi team, attached are the notes from our meeting. Please review them before tomorrow afternoon.
Please review. 
Sent from the company mail system.",0
Meeting agenda for Friday - 36,"Hello,
Please find the approved invoice attached. Finance can process it through the normal procurement workflow.
Thanks. ",0
Password expiration warning - 50,"Hello,
You have received a secure document. Open the attachment and enter your credentials to view it.
Please click the link. 
Do not delay.",1
Password expiration warning - 36,"Hello,
We detected unusual activity on your account. Verify your identity immediately using the secure link below.
Please validate your credentials. 
Do not delay.",1
Your mailbox will be suspended - 91,"Hello,
Failure to respond may result in permanent account suspension. Verify your details now.
Please click the link. 
Reference: ticket 13527",1
Password expiration warning - 51,"Hello,
You have received a secure document. Open the attachment and enter your credentials to view it.
Please click the link. 
This message requires immediate attention.",1
Quarterly planning notes - 75,"Hello,
Hi team, attached are the notes from our meeting. Please review them before tomorrow afternoon.
Thanks. 
Reference: project ORION",0
Important security notice - 56,"Hello,
Our security team needs you to confirm your login information after a suspicious sign-in.
Please click the link. ",1
Unusual activity detected - 9,"Hello,
We detected unusual activity on your account. Verify your identity immediately using the secure link below.
Please secure verification portal. ",1
Project status report - 48,"Hello,
Thanks for your help on the project. Please send your feedback in the usual internal channel.
for your information. 
Have a good day.",0
Payment failed - action required - 8,"Hello,
A recent payment could not be processed. Sign in and update your card information to avoid suspension.
Please click the link. 
Do not delay.",1
Welcome to the project - 15,"Hello,
Please find the approved invoice attached. Finance can process it through the normal procurement workflow.
for your information. ",0
Project status report - 38,"Hello,
We are sharing the agenda for Friday's meeting. No action is required before the discussion.
Best regards. ",0
Important security notice - 33,"Hello,
Our security team needs you to confirm your login information after a suspicious sign-in.
Please click the link. 
Do not delay.",1
Password expiration warning - 41,"Hello,
Failure to respond may result in permanent account suspension. Verify your details now.
Please verify now. 
Reference: ticket 50966",1
Project status report - 64,"Hello,
The scheduled maintenance window is this Saturday from 10 PM to midnight. Services may be briefly unavailable.
Best regards. ",0
Confirm your identity now - 55,"Hello,
Failure to respond may result in permanent account suspension. Verify your details now.
Please validate your credentials. 
This message requires immediate attention.",1
Welcome to the project - 10,"Hello,
The project milestone is on track. Let me know if you have questions about the next sprint.
let me know if you need anything. 
Sent from the company mail system.",0
Document review request - 95,"Hello,
We are sharing the agenda for Friday's meeting. No action is required before the discussion.
Thanks. 
Sent from the company mail system.",0
Your mailbox will be suspended - 18,"Hello,
Our security team needs you to confirm your login information after a suspicious sign-in.
Please confirm your account. 
This message requires immediate attention.",1
Quarterly planning notes - 17,"Hello,
The project milestone is on track. Let me know if you have questions about the next sprint.
Thanks. 
Reference: project DELTA",0
Welcome to the project - 65,"Hello,
Hi team, attached are the notes from our meeting. Please review them before tomorrow afternoon.
let me know if you need anything. 
Sent from the company mail system.",0
Your mailbox will be suspended - 15,"Hello,
We detected unusual activity on your account. Verify your identity immediately using the secure link below.
Please verify now. 
Reference: ticket 49893",1
Urgent account verification required - 34,"Hello,
A recent payment could not be processed. Sign in and update your card information to avoid suspension.
Please secure verification portal. ",1
Quarterly planning notes - 2,"Hello,
The project milestone is on track. Let me know if you have questions about the next sprint.
attached for reference. ",0
Confirm your identity now - 48,"Hello,
Failure to respond may result in permanent account suspension. Verify your details now.
Please click the link. 
Reference: ticket 41795",1
Payment failed - action required - 62,"Hello,
Our security team needs you to confirm your login information after a suspicious sign-in.
Please validate your credentials. 
Do not delay.",1
Unusual activity detected - 17,"Hello,
Your account will be locked within 24 hours unless you confirm your password and billing details.
Please confirm your account. 
Do not delay.",1
Document review request - 37,"Hello,
Hi team, attached are the notes from our meeting. Please review them before tomorrow afternoon.
Thanks. 
Sent from the company mail system.",0
Your mailbox will be suspended - 76,"Hello,
Failure to respond may result in permanent account suspension. Verify your details now.
Please verify now. ",1
Confirm your identity now - 37,"Hello,
You have received a secure document. Open the attachment and enter your credentials to view it.
Please click the link. 
This message requires immediate attention.",1
Important security notice - 41,"Hello,
Failure to respond may result in permanent account suspension. Verify your details now.
Please secure verification portal. 
Reference: ticket 78875",1
Confirm your identity now - 18,"Hello,
A recent payment could not be processed. Sign in and update your card information to avoid suspension.
Please update payment details. ",1
Urgent account verification required - 74,"Hello,
You have received a secure document. Open the attachment and enter your credentials to view it.
Please click the link. 
Reference: ticket 64870",1
Password expiration warning - 51,"Hello,
Failure to respond may result in permanent account suspension. Verify your details now.
Please confirm your account. 
Reference: ticket 34430",1
System maintenance notice - 39,"Hello,
The scheduled maintenance window is this Saturday from 10 PM to midnight. Services may be briefly unavailable.
Please review. 
Have a good day.",0
Security alert: unusual login - 71,"Hello,
You have received a secure document. Open the attachment and enter your credentials to view it.
Please secure verification portal. ",1
Security alert: unusual login - 8,"Hello,
You have received a secure document. Open the attachment and enter your credentials to view it.
Please secure verification portal. 
This message requires immediate attention.",1
Your travel itinerary - 90,"Hello,
We are sharing the agenda for Friday's meeting. No action is required before the discussion.
for your information. 
Sent from the company mail system.",0
Document review request - 42,"Hello,
Hi team, attached are the notes from our meeting. Please review them before tomorrow afternoon.
Thanks. 
Sent from the company mail system.",0
Quarterly planning notes - 98,"Hello,
The project milestone is on track. Let me know if you have questions about the next sprint.
let me know if you need anything. 
Have a good day.",0
Payment failed - action required - 1,"Hello,
Our security team needs you to confirm your login information after a suspicious sign-in.
Please confirm your account. 
Reference: ticket 12612",1
Your mailbox will be suspended - 76,"Hello,
Our security team needs you to confirm your login information after a suspicious sign-in.
Please click the link. 
Reference: ticket 13534",1
Quarterly planning notes - 67,"Hello,
The project milestone is on track. Let me know if you have questions about the next sprint.
Please review. ",0
Lunch and learn invitation - 79,"Hello,
We are sharing the agenda for Friday's meeting. No action is required before the discussion.
Best regards. 
Reference: project ALPHA",0
Urgent account verification required - 93,"Hello,
Our security team needs you to confirm your login information after a suspicious sign-in.
Please confirm your account. 
Do not delay.",1
System maintenance notice - 99,"Hello,
Thanks for your help on the project. Please send your feedback in the usual internal channel.
Best regards. 
Sent from the company mail system.",0
Security alert: unusual login - 66,"Hello,
Our security team needs you to confirm your login information after a suspicious sign-in.
Please update payment details. ",1
Confirm your identity now - 9,"Hello,
A recent payment could not be processed. Sign in and update your card information to avoid suspension.
Please validate your credentials. 
Reference: ticket 24169",1
Password expiration warning - 73,"Hello,
We detected unusual activity on your account. Verify your identity immediately using the secure link below.
Please update payment details. 
Reference: ticket 63218",1
Security alert: unusual login - 14,"Hello,
Your account will be locked within 24 hours unless you confirm your password and billing details.
Please secure verification portal. 
Reference: ticket 68830",1
Document review request - 26,"Hello,
Hi team, attached are the notes from our meeting. Please review them before tomorrow afternoon.
for your information. 
Sent from the company mail system.",0
Invoice for approved purchase - 43,"Hello,
The scheduled maintenance window is this Saturday from 10 PM to midnight. Services may be briefly unavailable.
for your information. ",0
Security alert: unusual login - 93,"Hello,
Failure to respond may result in permanent account suspension. Verify your details now.
Please confirm your account. 
This message requires immediate attention.",1
Password expiration warning - 21,"Hello,
A recent payment could not be processed. Sign in and update your card information to avoid suspension.
Please click the link. 
Do not delay.",1
Lunch and learn invitation - 92,"Hello,
The scheduled maintenance window is this Saturday from 10 PM to midnight. Services may be briefly unavailable.
for your information. ",0
Your mailbox will be suspended - 59,"Hello,
Your account will be locked within 24 hours unless you confirm your password and billing details.
Please secure verification portal. 
This message requires immediate attention.",1
Urgent account verification required - 93,"Hello,
Our security team needs you to confirm your login information after a suspicious sign-in.
Please secure verification portal. 
This message requires immediate attention.",1
Urgent account verification required - 36,"Hello,
A recent payment could not be processed. Sign in and update your card information to avoid suspension.
Please verify now. 
Do not delay.",1
Confirm your identity now - 49,"Hello,
Our security team needs you to confirm your login information after a suspicious sign-in.
Please click the link. 
Reference: ticket 42786",1
Quarterly planning notes - 37,"Hello,
We are sharing the agenda for Friday's meeting. No action is required before the discussion.
Best regards. 
Sent from the company mail system.",0
Important security notice - 23,"Hello,
A recent payment could not be processed. Sign in and update your card information to avoid suspension.
Please click the link. 
Do not delay.",1
Quarterly planning notes - 49,"Hello,
Please find the approved invoice attached. Finance can process it through the normal procurement workflow.
Best regards. 
Have a good day.",0
Payment failed - action required - 67,"Hello,
A recent payment could not be processed. Sign in and update your card information to avoid suspension.
Please verify now. ",1
Confirm your identity now - 51,"Hello,
Your account will be locked within 24 hours unless you confirm your password and billing details.
Please secure verification portal. ",1
Urgent account verification required - 43,"Hello,
Failure to respond may result in permanent account suspension. Verify your details now.
Please validate your credentials. ",1
Confirm your identity now - 1,"Hello,
We detected unusual activity on your account. Verify your identity immediately using the secure link below.
Please confirm your account. ",1
Confirm your identity now - 35,"Hello,
Your account will be locked within 24 hours unless you confirm your password and billing details.
Please validate your credentials. ",1
Meeting agenda for Friday - 80,"Hello,
Please find the approved invoice attached. Finance can process it through the normal procurement workflow.
Please review. 
Sent from the company mail system.",0
Weekly team update - 23,"Hello,
We are sharing the agenda for Friday's meeting. No action is required before the discussion.
Thanks. ",0
Confirm your identity now - 69,"Hello,
Failure to respond may result in permanent account suspension. Verify your details now.
Please verify now. 
Do not delay.",1
Urgent account verification required - 72,"Hello,
Failure to respond may result in permanent account suspension. Verify your details now.
Please confirm your account. 
Do not delay.",1
Project status report - 17,"Hello,
The scheduled maintenance window is this Saturday from 10 PM to midnight. Services may be briefly unavailable.
for your information. 
Have a good day.",0
Unusual activity detected - 70,"Hello,
Your account will be locked within 24 hours unless you confirm your password and billing details.
Please update payment details. 
This message requires immediate attention.",1
Document review request - 49,"Hello,
Hi team, attached are the notes from our meeting. Please review them before tomorrow afternoon.
Please review. 
Have a good day.",0
System maintenance notice - 38,"Hello,
The project milestone is on track. Let me know if you have questions about the next sprint.
Best regards. 
Have a good day.",0
Quarterly planning notes - 6,"Hello,
Please find the approved invoice attached. Finance can process it through the normal procurement workflow.
attached for reference. 
Sent from the company mail system.",0
System maintenance notice - 77,"Hello,
Please find the approved invoice attached. Finance can process it through the normal procurement workflow.
Best regards. ",0
Important security notice - 73,"Hello,
A recent payment could not be processed. Sign in and update your card information to avoid suspension.
Please update payment details. 
Do not delay.",1
Important security notice - 74,"Hello,
Our security team needs you to confirm your login information after a suspicious sign-in.
Please update payment details. 
This message requires immediate attention.",1
Unusual activity detected - 33,"Hello,
Our security team needs you to confirm your login information after a suspicious sign-in.
Please confirm your account. 
Do not delay.",1
Welcome to the project - 93,"Hello,
We are sharing the agenda for Friday's meeting. No action is required before the discussion.
for your information. ",0
Urgent account verification required - 7,"Hello,
Failure to respond may result in permanent account suspension. Verify your details now.
Please click the link. 
Do not delay.",1
Quarterly planning notes - 11,"Hello,
Thanks for your help on the project. Please send your feedback in the usual internal channel.
for your information. 
Reference: project ORION",0
Your mailbox will be suspended - 11,"Hello,
Our security team needs you to confirm your login information after a suspicious sign-in.
Please update payment details. ",1
Password expiration warning - 36,"Hello,
You have received a secure document. Open the attachment and enter your credentials to view it.
Please verify now. 
Do not delay.",1
Confirm your identity now - 10,"Hello,
We detected unusual activity on your account. Verify your identity immediately using the secure link below.
Please secure verification portal. 
This message requires immediate attention.",1
System maintenance notice - 9,"Hello,
We are sharing the agenda for Friday's meeting. No action is required before the discussion.
Thanks. 
Sent from the company mail system.",0
Document review request - 34,"Hello,
The scheduled maintenance window is this Saturday from 10 PM to midnight. Services may be briefly unavailable.
let me know if you need anything. 
Have a good day.",0
Meeting agenda for Friday - 59,"Hello,
Hi team, attached are the notes from our meeting. Please review them before tomorrow afternoon.
Best regards. 
Have a good day.",0
Password expiration warning - 56,"Hello,
We detected unusual activity on your account. Verify your identity immediately using the secure link below.
Please click the link. ",1
Weekly team update - 34,"Hello,
We are sharing the agenda for Friday's meeting. No action is required before the discussion.
Please review. 
Sent from the company mail system.",0
Urgent account verification required - 75,"Hello,
We detected unusual activity on your account. Verify your identity immediately using the secure link below.
Please validate your credentials. 
Reference: ticket 37623",1
Confirm your identity now - 28,"Hello,
We detected unusual activity on your account. Verify your identity immediately using the secure link below.
Please confirm your account. 
This message requires immediate attention.",1
Project status report - 10,"Hello,
The project milestone is on track. Let me know if you have questions about the next sprint.
Thanks. ",0
Your mailbox will be suspended - 74,"Hello,
You have received a secure document. Open the attachment and enter your credentials to view it.
Please update payment details. 
Do not delay.",1
Security alert: unusual login - 88,"Hello,
You have received a secure document. Open the attachment and enter your credentials to view it.
Please confirm your account. ",1
Urgent account verification required - 60,"Hello,
We detected unusual activity on your account. Verify your identity immediately using the secure link below.
Please validate your credentials. 
Do not delay.",1
Important security notice - 95,"Hello,
Your account will be locked within 24 hours unless you confirm your password and billing details.
Please secure verification portal. 
This message requires immediate attention.",1
Important security notice - 77,"Hello,
Your account will be locked within 24 hours unless you confirm your password and billing details.
Please click the link. ",1
Project status report - 18,"Hello,
The scheduled maintenance window is this Saturday from 10 PM to midnight. Services may be briefly unavailable.
attached for reference. 
Sent from the company mail system.",0
Your mailbox will be suspended - 58,"Hello,
A recent payment could not be processed. Sign in and update your card information to avoid suspension.
Please validate your credentials. ",1
Meeting agenda for Friday - 89,"Hello,
The project milestone is on track. Let me know if you have questions about the next sprint.
Best regards. 
Sent from the company mail system.",0
Lunch and learn invitation - 6,"Hello,
The scheduled maintenance window is this Saturday from 10 PM to midnight. Services may be briefly unavailable.
let me know if you need anything. 
Reference: project ORION",0
Confirm your identity now - 71,"Hello,
You have received a secure document. Open the attachment and enter your credentials to view it.
Please confirm your account. 
Reference: ticket 19880",1
Security alert: unusual login - 58,"Hello,
You have received a secure document. Open the attachment and enter your credentials to view it.
Please secure verification portal. ",1
Important security notice - 36,"Hello,
Our security team needs you to confirm your login information after a suspicious sign-in.
Please confirm your account. 
Do not delay.",1
Important security notice - 87,"Hello,
A recent payment could not be processed. Sign in and update your card information to avoid suspension.
Please secure verification portal. 
This message requires immediate attention.",1
Password expiration warning - 87,"Hello,
You have received a secure document. Open the attachment and enter your credentials to view it.
Please update payment details. 
Reference: ticket 12213",1
Welcome to the project - 41,"Hello,
The scheduled maintenance window is this Saturday from 10 PM to midnight. Services may be briefly unavailable.
let me know if you need anything. 
Sent from the company mail system.",0
Security alert: unusual login - 75,"Hello,
We detected unusual activity on your account. Verify your identity immediately using the secure link below.
Please click the link. ",1
Password expiration warning - 5,"Hello,
Failure to respond may result in permanent account suspension. Verify your details now.
Please secure verification portal. 
Reference: ticket 84976",1
Unusual activity detected - 81,"Hello,
Failure to respond may result in permanent account suspension. Verify your details now.
Please click the link. 
This message requires immediate attention.",1
Lunch and learn invitation - 82,"Hello,
Please find the approved invoice attached. Finance can process it through the normal procurement workflow.
for your information. 
Have a good day.",0
Document review request - 80,"Hello,
The project milestone is on track. Let me know if you have questions about the next sprint.
let me know if you need anything. ",0
Document review request - 82,"Hello,
Hi team, attached are the notes from our meeting. Please review them before tomorrow afternoon.
Please review. 
Have a good day.",0
Project status report - 66,"Hello,
Thanks for your help on the project. Please send your feedback in the usual internal channel.
Best regards. 
Have a good day.",0
Welcome to the project - 50,"Hello,
Thanks for your help on the project. Please send your feedback in the usual internal channel.
let me know if you need anything. ",0
Important security notice - 51,"Hello,
Failure to respond may result in permanent account suspension. Verify your details now.
Please validate your credentials. ",1
Lunch and learn invitation - 99,"Hello,
The project milestone is on track. Let me know if you have questions about the next sprint.
Best regards. ",0
Unusual activity detected - 59,"Hello,
We detected unusual activity on your account. Verify your identity immediately using the secure link below.
Please secure verification portal. 
Reference: ticket 27294",1
Your mailbox will be suspended - 26,"Hello,
A recent payment could not be processed. Sign in and update your card information to avoid suspension.
Please click the link. ",1
Unusual activity detected - 15,"Hello,
Our security team needs you to confirm your login information after a suspicious sign-in.
Please validate your credentials. ",1
Unusual activity detected - 21,"Hello,
Our security team needs you to confirm your login information after a suspicious sign-in.
Please click the link. 
This message requires immediate attention.",1
Security alert: unusual login - 79,"Hello,
Our security team needs you to confirm your login information after a suspicious sign-in.
Please verify now. 
Reference: ticket 60374",1
Security alert: unusual login - 43,"Hello,
A recent payment could not be processed. Sign in and update your card information to avoid suspension.
Please verify now. 
Reference: ticket 35875",1
Meeting agenda for Friday - 56,"Hello,
Thanks for your help on the project. Please send your feedback in the usual internal channel.
Please review. 
Reference: project DELTA",0
Password expiration warning - 79,"Hello,
Failure to respond may result in permanent account suspension. Verify your details now.
Please secure verification portal. 
Do not delay.",1
Unusual activity detected - 73,"Hello,
We detected unusual activity on your account. Verify your identity immediately using the secure link below.
Please update payment details. 
This message requires immediate attention.",1
Unusual activity detected - 2,"Hello,
Your account will be locked within 24 hours unless you confirm your password and billing details.
Please validate your credentials. ",1
Password expiration warning - 56,"Hello,
We detected unusual activity on your account. Verify your identity immediately using the secure link below.
Please validate your credentials. 
Do not delay.",1
Payment failed - action required - 66,"Hello,
Failure to respond may result in permanent account suspension. Verify your details now.
Please click the link. ",1
Lunch and learn invitation - 11,"Hello,
The project milestone is on track. Let me know if you have questions about the next sprint.
Best regards. 
Have a good day.",0
Confirm your identity now - 48,"Hello,
You have received a secure document. Open the attachment and enter your credentials to view it.
Please validate your credentials. 
Do not delay.",1
Quarterly planning notes - 8,"Hello,
Please find the approved invoice attached. Finance can process it through the normal procurement workflow.
for your information. 
Have a good day.",0
Document review request - 87,"Hello,
Thanks for your help on the project. Please send your feedback in the usual internal channel.
Please review. ",0
Weekly team update - 87,"Hello,
The scheduled maintenance window is this Saturday from 10 PM to midnight. Services may be briefly unavailable.
for your information. ",0
Confirm your identity now - 99,"Hello,
You have received a secure document. Open the attachment and enter your credentials to view it.
Please validate your credentials. 
Reference: ticket 72739",1
Security alert: unusual login - 33,"Hello,
Failure to respond may result in permanent account suspension. Verify your details now.
Please confirm your account. 
Do not delay.",1
Lunch and learn invitation - 34,"Hello,
Thanks for your help on the project. Please send your feedback in the usual internal channel.
Please review. 
Reference: project ALPHA",0
Urgent account verification required - 88,"Hello,
We detected unusual activity on your account. Verify your identity immediately using the secure link below.
Please secure verification portal. 
Reference: ticket 62640",1
Lunch and learn invitation - 75,"Hello,
Please find the approved invoice attached. Finance can process it through the normal procurement workflow.
Please review. 
Have a good day.",0
Project status report - 27,"Hello,
We are sharing the agenda for Friday's meeting. No action is required before the discussion.
let me know if you need anything. 
Reference: project ORION",0
Your mailbox will be suspended - 87,"Hello,
You have received a secure document. Open the attachment and enter your credentials to view it.
Please click the link. 
This message requires immediate attention.",1
Important security notice - 32,"Hello,
Our security team needs you to confirm your login information after a suspicious sign-in.
Please click the link. 
This message requires immediate attention.",1
Unusual activity detected - 96,"Hello,
You have received a secure document. Open the attachment and enter your credentials to view it.
Please update payment details. 
Reference: ticket 25559",1
Quarterly planning notes - 98,"Hello,
Please find the approved invoice attached. Finance can process it through the normal procurement workflow.
let me know if you need anything. ",0
Security alert: unusual login - 87,"Hello,
A recent payment could not be processed. Sign in and update your card information to avoid suspension.
Please click the link. 
Reference: ticket 72963",1
Important security notice - 13,"Hello,
Your account will be locked within 24 hours unless you confirm your password and billing details.
Please validate your credentials. 
Do not delay.",1
Meeting agenda for Friday - 26,"Hello,
Hi team, attached are the notes from our meeting. Please review them before tomorrow afternoon.
Best regards. ",0
Password expiration warning - 97,"Hello,
Failure to respond may result in permanent account suspension. Verify your details now.
Please click the link. 
Reference: ticket 53480",1
Your mailbox will be suspended - 87,"Hello,
Failure to respond may result in permanent account suspension. Verify your details now.
Please validate your credentials. ",1
Weekly team update - 96,"Hello,
Thanks for your help on the project. Please send your feedback in the usual internal channel.
Please review. ",0
Meeting agenda for Friday - 91,"Hello,
We are sharing the agenda for Friday's meeting. No action is required before the discussion.
Thanks. 
Reference: project ALPHA",0
System maintenance notice - 17,"Hello,
The project milestone is on track. Let me know if you have questions about the next sprint.
let me know if you need anything. 
Reference: project ORION",0
Your mailbox will be suspended - 56,"Hello,
Our security team needs you to confirm your login information after a suspicious sign-in.
Please secure verification portal. ",1
Your mailbox will be suspended - 75,"Hello,
Your account will be locked within 24 hours unless you confirm your password and billing details.
Please secure verification portal. 
Do not delay.",1
Weekly team update - 54,"Hello,
Thanks for your help on the project. Please send your feedback in the usual internal channel.
let me know if you need anything. 
Reference: project DELTA",0
Project status report - 21,"Hello,
Please find the approved invoice attached. Finance can process it through the normal procurement workflow.
attached for reference. 
Sent from the company mail system.",0
Weekly team update - 62,"Hello,
Thanks for your help on the project. Please send your feedback in the usual internal channel.
Best regards. 
Sent from the company mail system.",0
Invoice for approved purchase - 77,"Hello,
The scheduled maintenance window is this Saturday from 10 PM to midnight. Services may be briefly unavailable.
let me know if you need anything. 
Sent from the company mail system.",0
Security alert: unusual login - 74,"Hello,
We detected unusual activity on your account. Verify your identity immediately using the secure link below.
Please click the link. 
Do not delay.",1
Welcome to the project - 71,"Hello,
The project milestone is on track. Let me know if you have questions about the next sprint.
Best regards. 
Reference: project DELTA",0
Payment failed - action required - 20,"Hello,
Your account will be locked within 24 hours unless you confirm your password and billing details.
Please confirm your account. 
This message requires immediate attention.",1
Security alert: unusual login - 59,"Hello,
Your account will be locked within 24 hours unless you confirm your password and billing details.
Please click the link. 
Reference: ticket 27781",1
Your travel itinerary - 37,"Hello,
The project milestone is on track. Let me know if you have questions about the next sprint.
attached for reference. 
Reference: project ORION",0
Security alert: unusual login - 20,"Hello,
We detected unusual activity on your account. Verify your identity immediately using the secure link below.
Please click the link. 
Reference: ticket 97690",1
Your mailbox will be suspended - 23,"Hello,
Our security team needs you to confirm your login information after a suspicious sign-in.
Please confirm your account. 
Do not delay.",1
Confirm your identity now - 32,"Hello,
Your account will be locked within 24 hours unless you confirm your password and billing details.
Please verify now. 
Do not delay.",1
Urgent account verification required - 77,"Hello,
You have received a secure document. Open the attachment and enter your credentials to view it.
Please validate your credentials. ",1
Meeting agenda for Friday - 76,"Hello,
Hi team, attached are the notes from our meeting. Please review them before tomorrow afternoon.
attached for reference. ",0
Urgent account verification required - 96,"Hello,
Your account will be locked within 24 hours unless you confirm your password and billing details.
Please validate your credentials. ",1
Lunch and learn invitation - 64,"Hello,
Hi team, attached are the notes from our meeting. Please review them before tomorrow afternoon.
Please review. 
Sent from the company mail system.",0
Weekly team update - 88,"Hello,
Thanks for your help on the project. Please send your feedback in the usual internal channel.
let me know if you need anything. 
Reference: project DELTA",0
Payment failed - action required - 8,"Hello,
You have received a secure document. Open the attachment and enter your credentials to view it.
Please validate your credentials. 
This message requires immediate attention.",1
Invoice for approved purchase - 42,"Hello,
We are sharing the agenda for Friday's meeting. No action is required before the discussion.
for your information. 
Reference: project DELTA",0
Your travel itinerary - 45,"Hello,
Thanks for your help on the project. Please send your feedback in the usual internal channel.
attached for reference. 
Have a good day.",0
Important security notice - 78,"Hello,
Your account will be locked within 24 hours unless you confirm your password and billing details.
Please validate your credentials. ",1
Welcome to the project - 30,"Hello,
Thanks for your help on the project. Please send your feedback in the usual internal channel.
let me know if you need anything. ",0
Meeting agenda for Friday - 48,"Hello,
Thanks for your help on the project. Please send your feedback in the usual internal channel.
attached for reference. 
Sent from the company mail system.",0
Meeting agenda for Friday - 15,"Hello,
Please find the approved invoice attached. Finance can process it through the normal procurement workflow.
for your information. ",0
Lunch and learn invitation - 34,"Hello,
The scheduled maintenance window is this Saturday from 10 PM to midnight. Services may be briefly unavailable.
Best regards. 
Sent from the company mail system.",0
System maintenance notice - 21,"Hello,
The project milestone is on track. Let me know if you have questions about the next sprint.
Please review. 
Sent from the company mail system.",0
Unusual activity detected - 4,"Hello,
A recent payment could not be processed. Sign in and update your card information to avoid suspension.
Please update payment details. 
Do not delay.",1
System maintenance notice - 53,"Hello,
Please find the approved invoice attached. Finance can process it through the normal procurement workflow.
Thanks. 
Sent from the company mail system.",0
Welcome to the project - 33,"Hello,
The scheduled maintenance window is this Saturday from 10 PM to midnight. Services may be briefly unavailable.
Thanks. ",0
Important security notice - 92,"Hello,
Our security team needs you to confirm your login information after a suspicious sign-in.
Please confirm your account. 
This message requires immediate attention.",1
Important security notice - 24,"Hello,
Your account will be locked within 24 hours unless you confirm your password and billing details.
Please confirm your account. 
Reference: ticket 81636",1
Project status report - 16,"Hello,
The scheduled maintenance window is this Saturday from 10 PM to midnight. Services may be briefly unavailable.
attached for reference. ",0
Document review request - 13,"Hello,
We are sharing the agenda for Friday's meeting. No action is required before the discussion.
let me know if you need anything. ",0
Welcome to the project - 64,"Hello,
We are sharing the agenda for Friday's meeting. No action is required before the discussion.
Thanks. 
Reference: project ALPHA",0
Unusual activity detected - 90,"Hello,
Our security team needs you to confirm your login information after a suspicious sign-in.
Please update payment details. 
Do not delay.",1
Security alert: unusual login - 51,"Hello,
Failure to respond may result in permanent account suspension. Verify your details now.
Please secure verification portal. 
Do not delay.",1
Urgent account verification required - 21,"Hello,
You have received a secure document. Open the attachment and enter your credentials to view it.
Please confirm your account. 
This message requires immediate attention.",1
Confirm your identity now - 58,"Hello,
A recent payment could not be processed. Sign in and update your card information to avoid suspension.
Please confirm your account. 
Reference: ticket 14073",1
Your travel itinerary - 82,"Hello,
We are sharing the agenda for Friday's meeting. No action is required before the discussion.
Thanks. ",0
Quarterly planning notes - 84,"Hello,
We are sharing the agenda for Friday's meeting. No action is required before the discussion.
let me know if you need anything. 
Have a good day.",0
Important security notice - 10,"Hello,
A recent payment could not be processed. Sign in and update your card information to avoid suspension.
Please secure verification portal. 
Do not delay.",1
Important security notice - 7,"Hello,
A recent payment could not be processed. Sign in and update your card information to avoid suspension.
Please validate your credentials. ",1
Weekly team update - 50,"Hello,
We are sharing the agenda for Friday's meeting. No action is required before the discussion.
let me know if you need anything. ",0
Password expiration warning - 59,"Hello,
Our security team needs you to confirm your login information after a suspicious sign-in.
Please verify now. 
This message requires immediate attention.",1
Urgent account verification required - 54,"Hello,
Failure to respond may result in permanent account suspension. Verify your details now.
Please secure verification portal. 
This message requires immediate attention.",1
Urgent account verification required - 86,"Hello,
Our security team needs you to confirm your login information after a suspicious sign-in.
Please click the link. 
This message requires immediate attention.",1
Payment failed - action required - 87,"Hello,
Our security team needs you to confirm your login information after a suspicious sign-in.
Please validate your credentials. 
This message requires immediate attention.",1
Welcome to the project - 23,"Hello,
Hi team, attached are the notes from our meeting. Please review them before tomorrow afternoon.
Thanks. 
Have a good day.",0
Document review request - 11,"Hello,
The project milestone is on track. Let me know if you have questions about the next sprint.
Thanks. ",0
Meeting agenda for Friday - 24,"Hello,
Please find the approved invoice attached. Finance can process it through the normal procurement workflow.
for your information. ",0
Your travel itinerary - 67,"Hello,
Please find the approved invoice attached. Finance can process it through the normal procurement workflow.
attached for reference. 
Sent from the company mail system.",0
Important security notice - 60,"Hello,
Failure to respond may result in permanent account suspension. Verify your details now.
Please validate your credentials. 
Do not delay.",1
Payment failed - action required - 91,"Hello,
A recent payment could not be processed. Sign in and update your card information to avoid suspension.
Please click the link. 
This message requires immediate attention.",1
Welcome to the project - 6,"Hello,
The scheduled maintenance window is this Saturday from 10 PM to midnight. Services may be briefly unavailable.
Best regards. 
Have a good day.",0
Confirm your identity now - 17,"Hello,
Failure to respond may result in permanent account suspension. Verify your details now.
Please validate your credentials. 
Reference: ticket 96787",1
Important security notice - 98,"Hello,
Failure to respond may result in permanent account suspension. Verify your details now.
Please secure verification portal. ",1
Confirm your identity now - 98,"Hello,
We detected unusual activity on your account. Verify your identity immediately using the secure link below.
Please verify now. ",1
Security alert: unusual login - 97,"Hello,
You have received a secure document. Open the attachment and enter your credentials to view it.
Please update payment details. 
This message requires immediate attention.",1
Your travel itinerary - 76,"Hello,
Thanks for your help on the project. Please send your feedback in the usual internal channel.
attached for reference. 
Reference: project ALPHA",0
System maintenance notice - 64,"Hello,
We are sharing the agenda for Friday's meeting. No action is required before the discussion.
attached for reference. 
Have a good day.",0
Your mailbox will be suspended - 52,"Hello,
A recent payment could not be processed. Sign in and update your card information to avoid suspension.
Please validate your credentials. 
This message requires immediate attention.",1
Quarterly planning notes - 71,"Hello,
Please find the approved invoice attached. Finance can process it through the normal procurement workflow.
for your information. 
Reference: project ALPHA",0
Document review request - 48,"Hello,
The project milestone is on track. Let me know if you have questions about the next sprint.
let me know if you need anything. 
Sent from the company mail system.",0
Your mailbox will be suspended - 12,"Hello,
Failure to respond may result in permanent account suspension. Verify your details now.
Please verify now. 
This message requires immediate attention.",1
Meeting agenda for Friday - 66,"Hello,
The scheduled maintenance window is this Saturday from 10 PM to midnight. Services may be briefly unavailable.
Please review. ",0
System maintenance notice - 1,"Hello,
Hi team, attached are the notes from our meeting. Please review them before tomorrow afternoon.
Please review. ",0
Document review request - 99,"Hello,
The scheduled maintenance window is this Saturday from 10 PM to midnight. Services may be briefly unavailable.
for your information. 
Reference: project DELTA",0
Unusual activity detected - 61,"Hello,
Your account will be locked within 24 hours unless you confirm your password and billing details.
Please click the link. 
This message requires immediate attention.",1
Project status report - 38,"Hello,
Thanks for your help on the project. Please send your feedback in the usual internal channel.
Please review. 
Have a good day.",0
Weekly team update - 1,"Hello,
We are sharing the agenda for Friday's meeting. No action is required before the discussion.
for your information. ",0
Confirm your identity now - 52,"Hello,
Your account will be locked within 24 hours unless you confirm your password and billing details.
Please click the link. 
Reference: ticket 35496",1
Password expiration warning - 88,"Hello,
A recent payment could not be processed. Sign in and update your card information to avoid suspension.
Please validate your credentials. 
Do not delay.",1
Confirm your identity now - 37,"Hello,
Our security team needs you to confirm your login information after a suspicious sign-in.
Please click the link. 
This message requires immediate attention.",1
Invoice for approved purchase - 53,"Hello,
Hi team, attached are the notes from our meeting. Please review them before tomorrow afternoon.
Thanks. 
Reference: project ORION",0
Important security notice - 40,"Hello,
You have received a secure document. Open the attachment and enter your credentials to view it.
Please verify now. 
This message requires immediate attention.",1
System maintenance notice - 20,"Hello,
The scheduled maintenance window is this Saturday from 10 PM to midnight. Services may be briefly unavailable.
Best regards. 
Reference: project DELTA",0
Quarterly planning notes - 57,"Hello,
Please find the approved invoice attached. Finance can process it through the normal procurement workflow.
Best regards. 
Sent from the company mail system.",0
Meeting agenda for Friday - 57,"Hello,
Please find the approved invoice attached. Finance can process it through the normal procurement workflow.
Thanks. ",0
Document review request - 92,"Hello,
We are sharing the agenda for Friday's meeting. No action is required before the discussion.
let me know if you need anything. 
Reference: project ALPHA",0
Project status report - 40,"Hello,
The project milestone is on track. Let me know if you have questions about the next sprint.
let me know if you need anything. 
Have a good day.",0
Lunch and learn invitation - 29,"Hello,
We are sharing the agenda for Friday's meeting. No action is required before the discussion.
Thanks. 
Reference: project DELTA",0
Invoice for approved purchase - 93,"Hello,
The scheduled maintenance window is this Saturday from 10 PM to midnight. Services may be briefly unavailable.
attached for reference. 
Have a good day.",0
Important security notice - 20,"Hello,
Our security team needs you to confirm your login information after a suspicious sign-in.
Please confirm your account. 
Reference: ticket 88282",1
Meeting agenda for Friday - 67,"Hello,
We are sharing the agenda for Friday's meeting. No action is required before the discussion.
for your information. 
Sent from the company mail system.",0
Your travel itinerary - 51,"Hello,
Please find the approved invoice attached. Finance can process it through the normal procurement workflow.
let me know if you need anything. ",0
Password expiration warning - 95,"Hello,
You have received a secure document. Open the attachment and enter your credentials to view it.
Please click the link. ",1
Your mailbox will be suspended - 50,"Hello,
Failure to respond may result in permanent account suspension. Verify your details now.
Please secure verification portal. ",1
System maintenance notice - 22,"Hello,
Thanks for your help on the project. Please send your feedback in the usual internal channel.
attached for reference. 
Reference: project ORION",0
Your travel itinerary - 18,"Hello,
The project milestone is on track. Let me know if you have questions about the next sprint.
Please review. 
Sent from the company mail system.",0
Unusual activity detected - 20,"Hello,
Your account will be locked within 24 hours unless you confirm your password and billing details.
Please validate your credentials. 
Do not delay.",1
Quarterly planning notes - 7,"Hello,
The scheduled maintenance window is this Saturday from 10 PM to midnight. Services may be briefly unavailable.
Thanks. 
Sent from the company mail system.",0
Urgent account verification required - 9,"Hello,
A recent payment could not be processed. Sign in and update your card information to avoid suspension.
Please click the link. 
This message requires immediate attention.",1
Project status report - 76,"Hello,
The project milestone is on track. Let me know if you have questions about the next sprint.
Best regards. 
Sent from the company mail system.",0
Confirm your identity now - 76,"Hello,
Our security team needs you to confirm your login information after a suspicious sign-in.
Please click the link. 
Do not delay.",1
Important security notice - 85,"Hello,
Our security team needs you to confirm your login information after a suspicious sign-in.
Please update payment details. ",1
Unusual activity detected - 70,"Hello,
Our security team needs you to confirm your login information after a suspicious sign-in.
Please secure verification portal. 
Reference: ticket 80040",1
Important security notice - 53,"Hello,
Failure to respond may result in permanent account suspension. Verify your details now.
Please verify now. 
This message requires immediate attention.",1
Unusual activity detected - 37,"Hello,
We detected unusual activity on your account. Verify your identity immediately using the secure link below.
Please confirm your account. 
Do not delay.",1
Project status report - 60,"Hello,
The scheduled maintenance window is this Saturday from 10 PM to midnight. Services may be briefly unavailable.
Thanks. 
Reference: project ORION",0
Payment failed - action required - 22,"Hello,
Our security team needs you to confirm your login information after a suspicious sign-in.
Please secure verification portal. 
Do not delay.",1
Welcome to the project - 88,"Hello,
Please find the approved invoice attached. Finance can process it through the normal procurement workflow.
for your information. 
Reference: project ORION",0
Your mailbox will be suspended - 66,"Hello,
You have received a secure document. Open the attachment and enter your credentials to view it.
Please confirm your account. ",1
Project status report - 17,"Hello,
The scheduled maintenance window is this Saturday from 10 PM to midnight. Services may be briefly unavailable.
Best regards. 
Have a good day.",0
Confirm your identity now - 43,"Hello,
A recent payment could not be processed. Sign in and update your card information to avoid suspension.
Please click the link. ",1
Your travel itinerary - 38,"Hello,
Thanks for your help on the project. Please send your feedback in the usual internal channel.
Please review. 
Reference: project ORION",0
Your mailbox will be suspended - 76,"Hello,
A recent payment could not be processed. Sign in and update your card information to avoid suspension.
Please verify now. 
Do not delay.",1
Your mailbox will be suspended - 11,"Hello,
Failure to respond may result in permanent account suspension. Verify your details now.
Please click the link. 
Reference: ticket 96595",1
Quarterly planning notes - 38,"Hello,
We are sharing the agenda for Friday's meeting. No action is required before the discussion.
Thanks. ",0
Payment failed - action required - 53,"Hello,
Failure to respond may result in permanent account suspension. Verify your details now.
Please validate your credentials. 
This message requires immediate attention.",1
Confirm your identity now - 55,"Hello,
Failure to respond may result in permanent account suspension. Verify your details now.
Please validate your credentials. 
Reference: ticket 75673",1
Urgent account verification required - 95,"Hello,
A recent payment could not be processed. Sign in and update your card information to avoid suspension.
Please verify now. 
Reference: ticket 96154",1
Project status report - 53,"Hello,
Thanks for your help on the project. Please send your feedback in the usual internal channel.
Thanks. 
Have a good day.",0
Project status report - 42,"Hello,
Hi team, attached are the notes from our meeting. Please review them before tomorrow afternoon.
attached for reference. 
Sent from the company mail system.",0
Password expiration warning - 27,"Hello,
A recent payment could not be processed. Sign in and update your card information to avoid suspension.
Please confirm your account. 
Reference: ticket 15164",1
Confirm your identity now - 51,"Hello,
A recent payment could not be processed. Sign in and update your card information to avoid suspension.
Please click the link. ",1
Confirm your identity now - 36,"Hello,
Our security team needs you to confirm your login information after a suspicious sign-in.
Please secure verification portal. 
Do not delay.",1
System maintenance notice - 32,"Hello,
We are sharing the agenda for Friday's meeting. No action is required before the discussion.
let me know if you need anything. 
Reference: project ORION",0
Unusual activity detected - 33,"Hello,
Your account will be locked within 24 hours unless you confirm your password and billing details.
Please update payment details. 
Reference: ticket 83281",1
Lunch and learn invitation - 88,"Hello,
Thanks for your help on the project. Please send your feedback in the usual internal channel.
attached for reference. 
Sent from the company mail system.",0
Document review request - 20,"Hello,
We are sharing the agenda for Friday's meeting. No action is required before the discussion.
Thanks. 
Reference: project ALPHA",0
Unusual activity detected - 79,"Hello,
Our security team needs you to confirm your login information after a suspicious sign-in.
Please validate your credentials. 
Reference: ticket 51078",1
Urgent account verification required - 75,"Hello,
Our security team needs you to confirm your login information after a suspicious sign-in.
Please validate your credentials. 
Reference: ticket 16366",1
Document review request - 62,"Hello,
Hi team, attached are the notes from our meeting. Please review them before tomorrow afternoon.
Thanks. ",0
Unusual activity detected - 97,"Hello,
A recent payment could not be processed. Sign in and update your card information to avoid suspension.
Please update payment details. 
This message requires immediate attention.",1
Security alert: unusual login - 2,"Hello,
Your account will be locked within 24 hours unless you confirm your password and billing details.
Please click the link. 
Reference: ticket 39647",1
Welcome to the project - 61,"Hello,
The project milestone is on track. Let me know if you have questions about the next sprint.
for your information. 
Have a good day.",0
Weekly team update - 71,"Hello,
The scheduled maintenance window is this Saturday from 10 PM to midnight. Services may be briefly unavailable.
Thanks. 
Reference: project ALPHA",0
Your mailbox will be suspended - 11,"Hello,
Failure to respond may result in permanent account suspension. Verify your details now.
Please secure verification portal. ",1
Security alert: unusual login - 78,"Hello,
Your account will be locked within 24 hours unless you confirm your password and billing details.
Please update payment details. 
Do not delay.",1
Welcome to the project - 67,"Hello,
Please find the approved invoice attached. Finance can process it through the normal procurement workflow.
Best regards. 
Reference: project ORION",0
Your mailbox will be suspended - 47,"Hello,
We detected unusual activity on your account. Verify your identity immediately using the secure link below.
Please confirm your account. 
This message requires immediate attention.",1
Document review request - 94,"Hello,
Thanks for your help on the project. Please send your feedback in the usual internal channel.
Please review. 
Have a good day.",0
Lunch and learn invitation - 21,"Hello,
Please find the approved invoice attached. Finance can process it through the normal procurement workflow.
attached for reference. ",0
Password expiration warning - 18,"Hello,
Our security team needs you to confirm your login information after a suspicious sign-in.
Please secure verification portal. 
Do not delay.",1
Your mailbox will be suspended - 74,"Hello,
A recent payment could not be processed. Sign in and update your card information to avoid suspension.
Please validate your credentials. 
This message requires immediate attention.",1
Important security notice - 57,"Hello,
Your account will be locked within 24 hours unless you confirm your password and billing details.
Please secure verification portal. 
Reference: ticket 18950",1
Lunch and learn invitation - 23,"Hello,
The scheduled maintenance window is this Saturday from 10 PM to midnight. Services may be briefly unavailable.
for your information. 
Sent from the company mail system.",0
Quarterly planning notes - 98,"Hello,
The scheduled maintenance window is this Saturday from 10 PM to midnight. Services may be briefly unavailable.
Please review. 
Have a good day.",0
Your mailbox will be suspended - 6,"Hello,
Failure to respond may result in permanent account suspension. Verify your details now.
Please validate your credentials. 
This message requires immediate attention.",1
Welcome to the project - 60,"Hello,
Hi team, attached are the notes from our meeting. Please review them before tomorrow afternoon.
attached for reference. 
Sent from the company mail system.",0
Meeting agenda for Friday - 51,"Hello,
We are sharing the agenda for Friday's meeting. No action is required before the discussion.
attached for reference. ",0
Welcome to the project - 83,"Hello,
We are sharing the agenda for Friday's meeting. No action is required before the discussion.
let me know if you need anything. 
Sent from the company mail system.",0
Your travel itinerary - 94,"Hello,
We are sharing the agenda for Friday's meeting. No action is required before the discussion.
let me know if you need anything. ",0
Security alert: unusual login - 52,"Hello,
Your account will be locked within 24 hours unless you confirm your password and billing details.
Please click the link. 
Reference: ticket 66847",1
System maintenance notice - 40,"Hello,
We are sharing the agenda for Friday's meeting. No action is required before the discussion.
attached for reference. 
Reference: project DELTA",0
Security alert: unusual login - 97,"Hello,
Our security team needs you to confirm your login information after a suspicious sign-in.
Please verify now. ",1
Important security notice - 6,"Hello,
You have received a secure document. Open the attachment and enter your credentials to view it.
Please update payment details. 
Reference: ticket 34455",1
Password expiration warning - 25,"Hello,
Your account will be locked within 24 hours unless you confirm your password and billing details.
Please confirm your account. 
This message requires immediate attention.",1
Your mailbox will be suspended - 9,"Hello,
Your account will be locked within 24 hours unless you confirm your password and billing details.
Please secure verification portal. 
Do not delay.",1
Welcome to the project - 58,"Hello,
Thanks for your help on the project. Please send your feedback in the usual internal channel.
Best regards. 
Have a good day.",0
Document review request - 50,"Hello,
Thanks for your help on the project. Please send your feedback in the usual internal channel.
let me know if you need anything. ",0
Security alert: unusual login - 55,"Hello,
Our security team needs you to confirm your login information after a suspicious sign-in.
Please validate your credentials. 
This message requires immediate attention.",1
Lunch and learn invitation - 1,"Hello,
Hi team, attached are the notes from our meeting. Please review them before tomorrow afternoon.
Please review. ",0
Urgent account verification required - 61,"Hello,
We detected unusual activity on your account. Verify your identity immediately using the secure link below.
Please verify now. ",1
Invoice for approved purchase - 5,"Hello,
Thanks for your help on the project. Please send your feedback in the usual internal channel.
Please review. 
Sent from the company mail system.",0
Quarterly planning notes - 36,"Hello,
Please find the approved invoice attached. Finance can process it through the normal procurement workflow.
attached for reference. ",0
Password expiration warning - 28,"Hello,
We detected unusual activity on your account. Verify your identity immediately using the secure link below.
Please confirm your account. 
Do not delay.",1
Weekly team update - 72,"Hello,
The scheduled maintenance window is this Saturday from 10 PM to midnight. Services may be briefly unavailable.
Please review. 
Reference: project DELTA",0
Security alert: unusual login - 57,"Hello,
Failure to respond may result in permanent account suspension. Verify your details now.
Please validate your credentials. 
This message requires immediate attention.",1
Quarterly planning notes - 57,"Hello,
The scheduled maintenance window is this Saturday from 10 PM to midnight. Services may be briefly unavailable.
for your information. 
Sent from the company mail system.",0
Meeting agenda for Friday - 42,"Hello,
Thanks for your help on the project. Please send your feedback in the usual internal channel.
attached for reference. 
Sent from the company mail system.",0
Password expiration warning - 42,"Hello,
Our security team needs you to confirm your login information after a suspicious sign-in.
Please verify now. 
This message requires immediate attention.",1
Lunch and learn invitation - 15,"Hello,
The scheduled maintenance window is this Saturday from 10 PM to midnight. Services may be briefly unavailable.
attached for reference. ",0
Your mailbox will be suspended - 65,"Hello,
Your account will be locked within 24 hours unless you confirm your password and billing details.
Please click the link. 
Reference: ticket 76731",1
Password expiration warning - 42,"Hello,
A recent payment could not be processed. Sign in and update your card information to avoid suspension.
Please verify now. ",1
Payment failed - action required - 19,"Hello,
Our security team needs you to confirm your login information after a suspicious sign-in.
Please confirm your account. 
This message requires immediate attention.",1
Important security notice - 93,"Hello,
Our security team needs you to confirm your login information after a suspicious sign-in.
Please click the link. 
Do not delay.",1
Payment failed - action required - 84,"Hello,
Failure to respond may result in permanent account suspension. Verify your details now.
Please confirm your account. ",1
Password expiration warning - 49,"Hello,
Your account will be locked within 24 hours unless you confirm your password and billing details.
Please click the link. ",1
Security alert: unusual login - 72,"Hello,
Your account will be locked within 24 hours unless you confirm your password and billing details.
Please confirm your account. 
Reference: ticket 98647",1
Unusual activity detected - 81,"Hello,
We detected unusual activity on your account. Verify your identity immediately using the secure link below.
Please verify now. 
Do not delay.",1
Invoice for approved purchase - 61,"Hello,
The project milestone is on track. Let me know if you have questions about the next sprint.
let me know if you need anything. 
Sent from the company mail system.",0
Password expiration warning - 73,"Hello,
We detected unusual activity on your account. Verify your identity immediately using the secure link below.
Please update payment details. 
Do not delay.",1
Important security notice - 50,"Hello,
We detected unusual activity on your account. Verify your identity immediately using the secure link below.
Please click the link. ",1
Unusual activity detected - 82,"Hello,
You have received a secure document. Open the attachment and enter your credentials to view it.
Please verify now. 
Reference: ticket 41599",1
Your mailbox will be suspended - 78,"Hello,
Our security team needs you to confirm your login information after a suspicious sign-in.
Please verify now. 
This message requires immediate attention.",1
Your mailbox will be suspended - 43,"Hello,
We detected unusual activity on your account. Verify your identity immediately using the secure link below.
Please secure verification portal. 
Do not delay.",1
Your mailbox will be suspended - 42,"Hello,
Failure to respond may result in permanent account suspension. Verify your details now.
Please update payment details. ",1
System maintenance notice - 4,"Hello,
The scheduled maintenance window is this Saturday from 10 PM to midnight. Services may be briefly unavailable.
Please review. 
Reference: project ORION",0
Urgent account verification required - 32,"Hello,
Your account will be locked within 24 hours unless you confirm your password and billing details.
Please confirm your account. ",1
Urgent account verification required - 14,"Hello,
Our security team needs you to confirm your login information after a suspicious sign-in.
Please update payment details. 
Reference: ticket 26551",1
Confirm your identity now - 47,"Hello,
Your account will be locked within 24 hours unless you confirm your password and billing details.
Please confirm your account. 
Do not delay.",1
System maintenance notice - 12,"Hello,
We are sharing the agenda for Friday's meeting. No action is required before the discussion.
Please review. ",0
Quarterly planning notes - 11,"Hello,
Thanks for your help on the project. Please send your feedback in the usual internal channel.
for your information. 
Reference: project ORION",0
Important security notice - 59,"Hello,
You have received a secure document. Open the attachment and enter your credentials to view it.
Please click the link. 
This message requires immediate attention.",1
Weekly team update - 31,"Hello,
Please find the approved invoice attached. Finance can process it through the normal procurement workflow.
for your information. 
Have a good day.",0
Your travel itinerary - 64,"Hello,
We are sharing the agenda for Friday's meeting. No action is required before the discussion.
Please review. 
Have a good day.",0
Payment failed - action required - 79,"Hello,
Failure to respond may result in permanent account suspension. Verify your details now.
Please validate your credentials. 
Reference: ticket 29840",1
Unusual activity detected - 59,"Hello,
A recent payment could not be processed. Sign in and update your card information to avoid suspension.
Please validate your credentials. ",1
Urgent account verification required - 76,"Hello,
Failure to respond may result in permanent account suspension. Verify your details now.
Please click the link. 
Reference: ticket 35863",1
System maintenance notice - 54,"Hello,
The project milestone is on track. Let me know if you have questions about the next sprint.
attached for reference. ",0
Important security notice - 31,"Hello,
A recent payment could not be processed. Sign in and update your card information to avoid suspension.
Please confirm your account. 
This message requires immediate attention.",1
Payment failed - action required - 24,"Hello,
A recent payment could not be processed. Sign in and update your card information to avoid suspension.
Please secure verification portal. ",1
Quarterly planning notes - 66,"Hello,
The project milestone is on track. Let me know if you have questions about the next sprint.
attached for reference. 
Have a good day.",0
Security alert: unusual login - 26,"Hello,
A recent payment could not be processed. Sign in and update your card information to avoid suspension.
Please validate your credentials. 
Reference: ticket 91931",1
Password expiration warning - 58,"Hello,
Your account will be locked within 24 hours unless you confirm your password and billing details.
Please validate your credentials. 
This message requires immediate attention.",1
Payment failed - action required - 21,"Hello,
Our security team needs you to confirm your login information after a suspicious sign-in.
Please secure verification portal. ",1
Invoice for approved purchase - 81,"Hello,
The project milestone is on track. Let me know if you have questions about the next sprint.
for your information. 
Reference: project ORION",0
Welcome to the project - 58,"Hello,
We are sharing the agenda for Friday's meeting. No action is required before the discussion.
for your information. ",0
System maintenance notice - 53,"Hello,
Thanks for your help on the project. Please send your feedback in the usual internal channel.
attached for reference. 
Have a good day.",0
Welcome to the project - 16,"Hello,
The project milestone is on track. Let me know if you have questions about the next sprint.
for your information. 
Reference: project ORION",0
Document review request - 70,"Hello,
We are sharing the agenda for Friday's meeting. No action is required before the discussion.
attached for reference. 
Reference: project ALPHA",0
Lunch and learn invitation - 78,"Hello,
Please find the approved invoice attached. Finance can process it through the normal procurement workflow.
Please review. ",0
Important security notice - 53,"Hello,
A recent payment could not be processed. Sign in and update your card information to avoid suspension.
Please secure verification portal. 
Do not delay.",1
System maintenance notice - 99,"Hello,
Please find the approved invoice attached. Finance can process it through the normal procurement workflow.
Please review. ",0
Password expiration warning - 52,"Hello,
You have received a secure document. Open the attachment and enter your credentials to view it.
Please click the link. ",1
Invoice for approved purchase - 97,"Hello,
Thanks for your help on the project. Please send your feedback in the usual internal channel.
Best regards. 
Sent from the company mail system.",0
Quarterly planning notes - 34,"Hello,
The project milestone is on track. Let me know if you have questions about the next sprint.
attached for reference. 
Sent from the company mail system.",0
Meeting agenda for Friday - 75,"Hello,
Please find the approved invoice attached. Finance can process it through the normal procurement workflow.
for your information. 
Reference: project ORION",0
Password expiration warning - 9,"Hello,
Your account will be locked within 24 hours unless you confirm your password and billing details.
Please validate your credentials. 
Do not delay.",1
Weekly team update - 27,"Hello,
The scheduled maintenance window is this Saturday from 10 PM to midnight. Services may be briefly unavailable.
Thanks. ",0
System maintenance notice - 82,"Hello,
We are sharing the agenda for Friday's meeting. No action is required before the discussion.
Thanks. 
Have a good day.",0
Your mailbox will be suspended - 53,"Hello,
Our security team needs you to confirm your login information after a suspicious sign-in.
Please verify now. ",1
Password expiration warning - 20,"Hello,
Your account will be locked within 24 hours unless you confirm your password and billing details.
Please confirm your account. 
This message requires immediate attention.",1
System maintenance notice - 26,"Hello,
Please find the approved invoice attached. Finance can process it through the normal procurement workflow.
let me know if you need anything. 
Reference: project ORION",0
Urgent account verification required - 15,"Hello,
A recent payment could not be processed. Sign in and update your card information to avoid suspension.
Please confirm your account. 
Reference: ticket 29597",1
Your travel itinerary - 91,"Hello,
Thanks for your help on the project. Please send your feedback in the usual internal channel.
Best regards. 
Have a good day.",0
Urgent account verification required - 72,"Hello,
A recent payment could not be processed. Sign in and update your card information to avoid suspension.
Please confirm your account. ",1
Weekly team update - 9,"Hello,
Hi team, attached are the notes from our meeting. Please review them before tomorrow afternoon.
Please review. 
Reference: project DELTA",0
Unusual activity detected - 98,"Hello,
You have received a secure document. Open the attachment and enter your credentials to view it.
Please confirm your account. ",1
Confirm your identity now - 20,"Hello,
Our security team needs you to confirm your login information after a suspicious sign-in.
Please click the link. 
Reference: ticket 96499",1
Meeting agenda for Friday - 94,"Hello,
Please find the approved invoice attached. Finance can process it through the normal procurement workflow.
Please review. 
Have a good day.",0
Password expiration warning - 70,"Hello,
Our security team needs you to confirm your login information after a suspicious sign-in.
Please confirm your account. 
This message requires immediate attention.",1
Your mailbox will be suspended - 16,"Hello,
Your account will be locked within 24 hours unless you confirm your password and billing details.
Please secure verification portal. ",1
System maintenance notice - 29,"Hello,
Thanks for your help on the project. Please send your feedback in the usual internal channel.
Please review. 
Have a good day.",0
Important security notice - 24,"Hello,
We detected unusual activity on your account. Verify your identity immediately using the secure link below.
Please validate your credentials. 
Do not delay.",1
Your mailbox will be suspended - 98,"Hello,
Your account will be locked within 24 hours unless you confirm your password and billing details.
Please confirm your account. 
Do not delay.",1
Confirm your identity now - 71,"Hello,
Your account will be locked within 24 hours unless you confirm your password and billing details.
Please secure verification portal. 
Reference: ticket 84140",1
System maintenance notice - 88,"Hello,
The scheduled maintenance window is this Saturday from 10 PM to midnight. Services may be briefly unavailable.
for your information. 
Sent from the company mail system.",0
Security alert: unusual login - 78,"Hello,
Our security team needs you to confirm your login information after a suspicious sign-in.
Please verify now. 
This message requires immediate attention.",1
Unusual activity detected - 25,"Hello,
You have received a secure document. Open the attachment and enter your credentials to view it.
Please verify now. 
This message requires immediate attention.",1
Welcome to the project - 61,"Hello,
The scheduled maintenance window is this Saturday from 10 PM to midnight. Services may be briefly unavailable.
Please review. 
Reference: project DELTA",0
Lunch and learn invitation - 3,"Hello,
The project milestone is on track. Let me know if you have questions about the next sprint.
Best regards. ",0
Weekly team update - 9,"Hello,
We are sharing the agenda for Friday's meeting. No action is required before the discussion.
Thanks. 
Have a good day.",0
Password expiration warning - 12,"Hello,
Failure to respond may result in permanent account suspension. Verify your details now.
Please confirm your account. 
Do not delay.",1
Your mailbox will be suspended - 14,"Hello,
We detected unusual activity on your account. Verify your identity immediately using the secure link below.
Please confirm your account. 
Do not delay.",1
Meeting agenda for Friday - 54,"Hello,
Thanks for your help on the project. Please send your feedback in the usual internal channel.
let me know if you need anything. 
Reference: project DELTA",0
Your mailbox will be suspended - 73,"Hello,
Your account will be locked within 24 hours unless you confirm your password and billing details.
Please update payment details. 
Reference: ticket 40149",1
Welcome to the project - 31,"Hello,
Please find the approved invoice attached. Finance can process it through the normal procurement workflow.
Thanks. ",0
Welcome to the project - 28,"Hello,
The project milestone is on track. Let me know if you have questions about the next sprint.
Thanks. 
Have a good day.",0
Security alert: unusual login - 17,"Hello,
A recent payment could not be processed. Sign in and update your card information to avoid suspension.
Please click the link. 
This message requires immediate attention.",1
Important security notice - 95,"Hello,
You have received a secure document. Open the attachment and enter your credentials to view it.
Please verify now. 
Do not delay.",1
Payment failed - action required - 92,"Hello,
Failure to respond may result in permanent account suspension. Verify your details now.
Please click the link. 
Reference: ticket 12559",1
Security alert: unusual login - 13,"Hello,
A recent payment could not be processed. Sign in and update your card information to avoid suspension.
Please confirm your account. 
This message requires immediate attention.",1
Unusual activity detected - 42,"Hello,
You have received a secure document. Open the attachment and enter your credentials to view it.
Please validate your credentials. 
This message requires immediate attention.",1
Important security notice - 75,"Hello,
We detected unusual activity on your account. Verify your identity immediately using the secure link below.
Please verify now. 
Do not delay.",1
Unusual activity detected - 36,"Hello,
Our security team needs you to confirm your login information after a suspicious sign-in.
Please confirm your account. 
Reference: ticket 52714",1
Security alert: unusual login - 7,"Hello,
You have received a secure document. Open the attachment and enter your credentials to view it.
Please confirm your account. 
Reference: ticket 33053",1
Quarterly planning notes - 46,"Hello,
We are sharing the agenda for Friday's meeting. No action is required before the discussion.
Thanks. 
Reference: project ALPHA",0
Security alert: unusual login - 75,"Hello,
You have received a secure document. Open the attachment and enter your credentials to view it.
Please update payment details. 
This message requires immediate attention.",1
Project status report - 23,"Hello,
The project milestone is on track. Let me know if you have questions about the next sprint.
Thanks. ",0
Welcome to the project - 18,"Hello,
The scheduled maintenance window is this Saturday from 10 PM to midnight. Services may be briefly unavailable.
for your information. 
Reference: project ORION",0
Weekly team update - 83,"Hello,
Thanks for your help on the project. Please send your feedback in the usual internal channel.
attached for reference. 
Have a good day.",0
Lunch and learn invitation - 40,"Hello,
The scheduled maintenance window is this Saturday from 10 PM to midnight. Services may be briefly unavailable.
Best regards. ",0
Meeting agenda for Friday - 21,"Hello,
Hi team, attached are the notes from our meeting. Please review them before tomorrow afternoon.
for your information. 
Reference: project DELTA",0
Confirm your identity now - 14,"Hello,
Our security team needs you to confirm your login information after a suspicious sign-in.
Please click the link. 
Reference: ticket 27978",1
System maintenance notice - 34,"Hello,
Thanks for your help on the project. Please send your feedback in the usual internal channel.
Please review. 
Reference: project ALPHA",0
Urgent account verification required - 44,"Hello,
A recent payment could not be processed. Sign in and update your card information to avoid suspension.
Please update payment details. ",1
Your travel itinerary - 24,"Hello,
We are sharing the agenda for Friday's meeting. No action is required before the discussion.
let me know if you need anything. 
Have a good day.",0
Meeting agenda for Friday - 80,"Hello,
Hi team, attached are the notes from our meeting. Please review them before tomorrow afternoon.
let me know if you need anything. 
Sent from the company mail system.",0
System maintenance notice - 14,"Hello,
Thanks for your help on the project. Please send your feedback in the usual internal channel.
Thanks. 
Reference: project ALPHA",0
Unusual activity detected - 37,"Hello,
A recent payment could not be processed. Sign in and update your card information to avoid suspension.
Please click the link. ",1
Meeting agenda for Friday - 40,"Hello,
We are sharing the agenda for Friday's meeting. No action is required before the discussion.
Best regards. 
Sent from the company mail system.",0
Project status report - 27,"Hello,
Hi team, attached are the notes from our meeting. Please review them before tomorrow afternoon.
attached for reference. 
Sent from the company mail system.",0
Weekly team update - 91,"Hello,
The project milestone is on track. Let me know if you have questions about the next sprint.
attached for reference. 
Reference: project DELTA",0
Payment failed - action required - 87,"Hello,
A recent payment could not be processed. Sign in and update your card information to avoid suspension.
Please secure verification portal. ",1
Meeting agenda for Friday - 21,"Hello,
Hi team, attached are the notes from our meeting. Please review them before tomorrow afternoon.
Thanks. 
Sent from the company mail system.",0
Unusual activity detected - 34,"Hello,
Your account will be locked within 24 hours unless you confirm your password and billing details.
Please validate your credentials. 
Reference: ticket 72216",1
Important security notice - 41,"Hello,
You have received a secure document. Open the attachment and enter your credentials to view it.
Please update payment details. ",1
Security alert: unusual login - 47,"Hello,
Our security team needs you to confirm your login information after a suspicious sign-in.
Please verify now. 
Do not delay.",1
Security alert: unusual login - 29,"Hello,
We detected unusual activity on your account. Verify your identity immediately using the secure link below.
Please validate your credentials. 
Do not delay.",1
Welcome to the project - 50,"Hello,
Hi team, attached are the notes from our meeting. Please review them before tomorrow afternoon.
Thanks. ",0
Your mailbox will be suspended - 84,"Hello,
Failure to respond may result in permanent account suspension. Verify your details now.
Please verify now. 
Do not delay.",1
Unusual activity detected - 31,"Hello,
We detected unusual activity on your account. Verify your identity immediately using the secure link below.
Please verify now. 
Reference: ticket 61543",1
Quarterly planning notes - 52,"Hello,
The scheduled maintenance window is this Saturday from 10 PM to midnight. Services may be briefly unavailable.
attached for reference. ",0
Confirm your identity now - 52,"Hello,
We detected unusual activity on your account. Verify your identity immediately using the secure link below.
Please click the link. 
Reference: ticket 39190",1
Quarterly planning notes - 40,"Hello,
We are sharing the agenda for Friday's meeting. No action is required before the discussion.
attached for reference. ",0
Weekly team update - 97,"Hello,
Please find the approved invoice attached. Finance can process it through the normal procurement workflow.
for your information. 
Sent from the company mail system.",0
Security alert: unusual login - 43,"Hello,
You have received a secure document. Open the attachment and enter your credentials to view it.
Please update payment details. 
Do not delay.",1
Password expiration warning - 96,"Hello,
Your account will be locked within 24 hours unless you confirm your password and billing details.
Please secure verification portal. 
This message requires immediate attention.",1
Security alert: unusual login - 26,"Hello,
You have received a secure document. Open the attachment and enter your credentials to view it.
Please verify now. 
Do not delay.",1
Your travel itinerary - 63,"Hello,
Thanks for your help on the project. Please send your feedback in the usual internal channel.
Please review. 
Sent from the company mail system.",0
Security alert: unusual login - 5,"Hello,
Failure to respond may result in permanent account suspension. Verify your details now.
Please validate your credentials. 
This message requires immediate attention.",1
Project status report - 95,"Hello,
The scheduled maintenance window is this Saturday from 10 PM to midnight. Services may be briefly unavailable.
Thanks. 
Reference: project DELTA",0
Password expiration warning - 80,"Hello,
A recent payment could not be processed. Sign in and update your card information to avoid suspension.
Please validate your credentials. ",1
Important security notice - 9,"Hello,
You have received a secure document. Open the attachment and enter your credentials to view it.
Please click the link. ",1
Weekly team update - 42,"Hello,
Please find the approved invoice attached. Finance can process it through the normal procurement workflow.
Thanks. 
Sent from the company mail system.",0
Urgent account verification required - 94,"Hello,
Your account will be locked within 24 hours unless you confirm your password and billing details.
Please click the link. 
Do not delay.",1
Meeting agenda for Friday - 43,"Hello,
Please find the approved invoice attached. Finance can process it through the normal procurement workflow.
Thanks. 
Have a good day.",0
Security alert: unusual login - 8,"Hello,
A recent payment could not be processed. Sign in and update your card information to avoid suspension.
Please secure verification portal. ",1
Important security notice - 86,"Hello,
Failure to respond may result in permanent account suspension. Verify your details now.
Please verify now. 
This message requires immediate attention.",1
Security alert: unusual login - 91,"Hello,
A recent payment could not be processed. Sign in and update your card information to avoid suspension.
Please click the link. 
Reference: ticket 66267",1
Password expiration warning - 27,"Hello,
Your account will be locked within 24 hours unless you confirm your password and billing details.
Please verify now. 
This message requires immediate attention.",1
Lunch and learn invitation - 40,"Hello,
The scheduled maintenance window is this Saturday from 10 PM to midnight. Services may be briefly unavailable.
Best regards. 
Have a good day.",0
Document review request - 18,"Hello,
Thanks for your help on the project. Please send your feedback in the usual internal channel.
for your information. ",0
Payment failed - action required - 49,"Hello,
A recent payment could not be processed. Sign in and update your card information to avoid suspension.
Please verify now. ",1
Payment failed - action required - 3,"Hello,
We detected unusual activity on your account. Verify your identity immediately using the secure link below.
Please click the link. 
Do not delay.",1
Your travel itinerary - 13,"Hello,
Thanks for your help on the project. Please send your feedback in the usual internal channel.
attached for reference. ",0
Your travel itinerary - 7,"Hello,
The project milestone is on track. Let me know if you have questions about the next sprint.
Thanks. 
Have a good day.",0
Invoice for approved purchase - 5,"Hello,
Hi team, attached are the notes from our meeting. Please review them before tomorrow afternoon.
Thanks. 
Reference: project ORION",0
Lunch and learn invitation - 33,"Hello,
The scheduled maintenance window is this Saturday from 10 PM to midnight. Services may be briefly unavailable.
for your information. 
Sent from the company mail system.",0
Project status report - 86,"Hello,
Please find the approved invoice attached. Finance can process it through the normal procurement workflow.
let me know if you need anything. 
Reference: project DELTA",0
Confirm your identity now - 53,"Hello,
Your account will be locked within 24 hours unless you confirm your password and billing details.
Please validate your credentials. 
Do not delay.",1
Document review request - 44,"Hello,
The scheduled maintenance window is this Saturday from 10 PM to midnight. Services may be briefly unavailable.
Please review. 
Have a good day.",0
Your travel itinerary - 98,"Hello,
We are sharing the agenda for Friday's meeting. No action is required before the discussion.
let me know if you need anything. 
Sent from the company mail system.",0
Security alert: unusual login - 68,"Hello,
Your account will be locked within 24 hours unless you confirm your password and billing details.
Please secure verification portal. 
Reference: ticket 87184",1
Meeting agenda for Friday - 89,"Hello,
Hi team, attached are the notes from our meeting. Please review them before tomorrow afternoon.
Best regards. 
Have a good day.",0
System maintenance notice - 67,"Hello,
Please find the approved invoice attached. Finance can process it through the normal procurement workflow.
Please review. ",0
Welcome to the project - 23,"Hello,
Please find the approved invoice attached. Finance can process it through the normal procurement workflow.
for your information. 
Have a good day.",0
System maintenance notice - 17,"Hello,
Please find the approved invoice attached. Finance can process it through the normal procurement workflow.
attached for reference. ",0
Meeting agenda for Friday - 87,"Hello,
The project milestone is on track. Let me know if you have questions about the next sprint.
let me know if you need anything. 
Have a good day.",0
Project status report - 43,"Hello,
Hi team, attached are the notes from our meeting. Please review them before tomorrow afternoon.
let me know if you need anything. 
Reference: project DELTA",0
Quarterly planning notes - 92,"Hello,
Thanks for your help on the project. Please send your feedback in the usual internal channel.
Please review. 
Have a good day.",0
Meeting agenda for Friday - 20,"Hello,
Thanks for your help on the project. Please send your feedback in the usual internal channel.
Thanks. 
Reference: project DELTA",0
Meeting agenda for Friday - 49,"Hello,
The project milestone is on track. Let me know if you have questions about the next sprint.
Please review. 
Reference: project ORION",0
Meeting agenda for Friday - 11,"Hello,
Thanks for your help on the project. Please send your feedback in the usual internal channel.
for your information. ",0
Invoice for approved purchase - 99,"Hello,
Please find the approved invoice attached. Finance can process it through the normal procurement workflow.
Please review. 
Reference: project DELTA",0
Project status report - 50,"Hello,
We are sharing the agenda for Friday's meeting. No action is required before the discussion.
attached for reference. 
Have a good day.",0
Invoice for approved purchase - 98,"Hello,
The project milestone is on track. Let me know if you have questions about the next sprint.
Best regards. 
Sent from the company mail system.",0
Urgent account verification required - 8,"Hello,
Failure to respond may result in permanent account suspension. Verify your details now.
Please validate your credentials. ",1
Lunch and learn invitation - 62,"Hello,
Hi team, attached are the notes from our meeting. Please review them before tomorrow afternoon.
Please review. 
Sent from the company mail system.",0
Confirm your identity now - 46,"Hello,
You have received a secure document. Open the attachment and enter your credentials to view it.
Please confirm your account. 
Reference: ticket 77681",1
Important security notice - 92,"Hello,
Your account will be locked within 24 hours unless you confirm your password and billing details.
Please update payment details. 
This message requires immediate attention.",1
Lunch and learn invitation - 27,"Hello,
Hi team, attached are the notes from our meeting. Please review them before tomorrow afternoon.
Thanks. ",0
Your travel itinerary - 97,"Hello,
The scheduled maintenance window is this Saturday from 10 PM to midnight. Services may be briefly unavailable.
Thanks. ",0
System maintenance notice - 66,"Hello,
Hi team, attached are the notes from our meeting. Please review them before tomorrow afternoon.
attached for reference. ",0
Unusual activity detected - 16,"Hello,
A recent payment could not be processed. Sign in and update your card information to avoid suspension.
Please update payment details. 
Do not delay.",1
Your mailbox will be suspended - 5,"Hello,
A recent payment could not be processed. Sign in and update your card information to avoid suspension.
Please secure verification portal. 
Reference: ticket 28855",1
Password expiration warning - 61,"Hello,
Failure to respond may result in permanent account suspension. Verify your details now.
Please update payment details. 
Do not delay.",1
Your mailbox will be suspended - 68,"Hello,
We detected unusual activity on your account. Verify your identity immediately using the secure link below.
Please click the link. ",1
Meeting agenda for Friday - 45,"Hello,
The scheduled maintenance window is this Saturday from 10 PM to midnight. Services may be briefly unavailable.
Thanks. 
Have a good day.",0
Confirm your identity now - 8,"Hello,
You have received a secure document. Open the attachment and enter your credentials to view it.
Please secure verification portal. 
Reference: ticket 82179",1
Invoice for approved purchase - 30,"Hello,
The scheduled maintenance window is this Saturday from 10 PM to midnight. Services may be briefly unavailable.
for your information. ",0
Project status report - 73,"Hello,
The project milestone is on track. Let me know if you have questions about the next sprint.
let me know if you need anything. 
Reference: project DELTA",0
Quarterly planning notes - 65,"Hello,
Please find the approved invoice attached. Finance can process it through the normal procurement workflow.
Best regards. 
Sent from the company mail system.",0
Welcome to the project - 20,"Hello,
The scheduled maintenance window is this Saturday from 10 PM to midnight. Services may be briefly unavailable.
Best regards. 
Sent from the company mail system.",0
Payment failed - action required - 15,"Hello,
We detected unusual activity on your account. Verify your identity immediately using the secure link below.
Please validate your credentials. 
Reference: ticket 52065",1
Payment failed - action required - 95,"Hello,
You have received a secure document. Open the attachment and enter your credentials to view it.
Please click the link. 
Reference: ticket 90147",1
System maintenance notice - 92,"Hello,
Thanks for your help on the project. Please send your feedback in the usual internal channel.
Thanks. 
Sent from the company mail system.",0
System maintenance notice - 95,"Hello,
The project milestone is on track. Let me know if you have questions about the next sprint.
Best regards. 
Reference: project ALPHA",0
Unusual activity detected - 29,"Hello,
A recent payment could not be processed. Sign in and update your card information to avoid suspension.
Please confirm your account. 
This message requires immediate attention.",1
Quarterly planning notes - 5,"Hello,
Thanks for your help on the project. Please send your feedback in the usual internal channel.
for your information. 
Have a good day.",0
Invoice for approved purchase - 75,"Hello,
The scheduled maintenance window is this Saturday from 10 PM to midnight. Services may be briefly unavailable.
for your information. 
Reference: project ORION",0
Security alert: unusual login - 17,"Hello,
Our security team needs you to confirm your login information after a suspicious sign-in.
Please verify now. 
This message requires immediate attention.",1
Lunch and learn invitation - 13,"Hello,
The scheduled maintenance window is this Saturday from 10 PM to midnight. Services may be briefly unavailable.
attached for reference. 
Sent from the company mail system.",0
Weekly team update - 77,"Hello,
The scheduled maintenance window is this Saturday from 10 PM to midnight. Services may be briefly unavailable.
Thanks. 
Sent from the company mail system.",0
Meeting agenda for Friday - 49,"Hello,
Thanks for your help on the project. Please send your feedback in the usual internal channel.
Thanks. 
Sent from the company mail system.",0
Project status report - 59,"Hello,
Thanks for your help on the project. Please send your feedback in the usual internal channel.
Thanks. ",0
Confirm your identity now - 20,"Hello,
You have received a secure document. Open the attachment and enter your credentials to view it.
Please update payment details. 
Reference: ticket 65444",1
System maintenance notice - 38,"Hello,
We are sharing the agenda for Friday's meeting. No action is required before the discussion.
let me know if you need anything. 
Have a good day.",0
Weekly team update - 39,"Hello,
The project milestone is on track. Let me know if you have questions about the next sprint.
Please review. 
Have a good day.",0
System maintenance notice - 9,"Hello,
Hi team, attached are the notes from our meeting. Please review them before tomorrow afternoon.
attached for reference. 
Reference: project ALPHA",0
Invoice for approved purchase - 11,"Hello,
Please find the approved invoice attached. Finance can process it through the normal procurement workflow.
Best regards. 
Sent from the company mail system.",0
Quarterly planning notes - 22,"Hello,
The scheduled maintenance window is this Saturday from 10 PM to midnight. Services may be briefly unavailable.
let me know if you need anything. 
Reference: project ORION",0
Your mailbox will be suspended - 10,"Hello,
You have received a secure document. Open the attachment and enter your credentials to view it.
Please click the link. 
This message requires immediate attention.",1
Password expiration warning - 37,"Hello,
A recent payment could not be processed. Sign in and update your card information to avoid suspension.
Please click the link. ",1
Important security notice - 9,"Hello,
We detected unusual activity on your account. Verify your identity immediately using the secure link below.
Please confirm your account. 
Reference: ticket 28776",1
Security alert: unusual login - 68,"Hello,
A recent payment could not be processed. Sign in and update your card information to avoid suspension.
Please validate your credentials. 
Reference: ticket 98930",1
Urgent account verification required - 99,"Hello,
Failure to respond may result in permanent account suspension. Verify your details now.
Please validate your credentials. 
This message requires immediate attention.",1
Payment failed - action required - 71,"Hello,
We detected unusual activity on your account. Verify your identity immediately using the secure link below.
Please update payment details. 
This message requires immediate attention.",1
Project status report - 85,"Hello,
The project milestone is on track. Let me know if you have questions about the next sprint.
Thanks. 
Sent from the company mail system.",0
Invoice for approved purchase - 98,"Hello,
We are sharing the agenda for Friday's meeting. No action is required before the discussion.
let me know if you need anything. 
Reference: project ALPHA",0
Lunch and learn invitation - 4,"Hello,
We are sharing the agenda for Friday's meeting. No action is required before the discussion.
Best regards. 
Sent from the company mail system.",0
Confirm your identity now - 65,"Hello,
Your account will be locked within 24 hours unless you confirm your password and billing details.
Please verify now. 
Reference: ticket 17925",1
Security alert: unusual login - 12,"Hello,
Our security team needs you to confirm your login information after a suspicious sign-in.
Please confirm your account. 
Reference: ticket 64516",1
Document review request - 84,"Hello,
The project milestone is on track. Let me know if you have questions about the next sprint.
Thanks. 
Reference: project DELTA",0
Weekly team update - 21,"Hello,
The project milestone is on track. Let me know if you have questions about the next sprint.
Please review. 
Have a good day.",0
Document review request - 98,"Hello,
Hi team, attached are the notes from our meeting. Please review them before tomorrow afternoon.
let me know if you need anything. 
Reference: project DELTA",0
System maintenance notice - 25,"Hello,
The project milestone is on track. Let me know if you have questions about the next sprint.
attached for reference. 
Reference: project DELTA",0
Urgent account verification required - 19,"Hello,
A recent payment could not be processed. Sign in and update your card information to avoid suspension.
Please update payment details. 
Reference: ticket 59131",1
Document review request - 5,"Hello,
Please find the approved invoice attached. Finance can process it through the normal procurement workflow.
for your information. 
Have a good day.",0
System maintenance notice - 3,"Hello,
The scheduled maintenance window is this Saturday from 10 PM to midnight. Services may be briefly unavailable.
for your information. 
Sent from the company mail system.",0
Weekly team update - 19,"Hello,
Hi team, attached are the notes from our meeting. Please review them before tomorrow afternoon.
Please review. ",0
Invoice for approved purchase - 37,"Hello,
Thanks for your help on the project. Please send your feedback in the usual internal channel.
Best regards. 
Reference: project ORION",0
Invoice for approved purchase - 73,"Hello,
Thanks for your help on the project. Please send your feedback in the usual internal channel.
for your information. 
Reference: project ORION",0
Password expiration warning - 26,"Hello,
Your account will be locked within 24 hours unless you confirm your password and billing details.
Please verify now. ",1
Your travel itinerary - 42,"Hello,
The scheduled maintenance window is this Saturday from 10 PM to midnight. Services may be briefly unavailable.
let me know if you need anything. ",0
Invoice for approved purchase - 16,"Hello,
Please find the approved invoice attached. Finance can process it through the normal procurement workflow.
Best regards. 
Have a good day.",0
Unusual activity detected - 37,"Hello,
Our security team needs you to confirm your login information after a suspicious sign-in.
Please validate your credentials. 
Reference: ticket 98148",1
Quarterly planning notes - 43,"Hello,
Please find the approved invoice attached. Finance can process it through the normal procurement workflow.
Best regards. 
Reference: project ALPHA",0
Your travel itinerary - 34,"Hello,
Please find the approved invoice attached. Finance can process it through the normal procurement workflow.
for your information. 
Sent from the company mail system.",0
Password expiration warning - 76,"Hello,
A recent payment could not be processed. Sign in and update your card information to avoid suspension.
Please confirm your account. 
Do not delay.",1
Your travel itinerary - 42,"Hello,
We are sharing the agenda for Friday's meeting. No action is required before the discussion.
Please review. 
Sent from the company mail system.",0
Your mailbox will be suspended - 55,"Hello,
Our security team needs you to confirm your login information after a suspicious sign-in.
Please click the link. 
This message requires immediate attention.",1
Payment failed - action required - 83,"Hello,
Failure to respond may result in permanent account suspension. Verify your details now.
Please validate your credentials. 
Do not delay.",1
Unusual activity detected - 54,"Hello,
Failure to respond may result in permanent account suspension. Verify your details now.
Please secure verification portal. 
Reference: ticket 73656",1
Your mailbox will be suspended - 95,"Hello,
Your account will be locked within 24 hours unless you confirm your password and billing details.
Please secure verification portal. 
Do not delay.",1
Security alert: unusual login - 9,"Hello,
You have received a secure document. Open the attachment and enter your credentials to view it.
Please validate your credentials. 
This message requires immediate attention.",1
Unusual activity detected - 14,"Hello,
You have received a secure document. Open the attachment and enter your credentials to view it.
Please verify now. 
This message requires immediate attention.",1
Lunch and learn invitation - 2,"Hello,
The scheduled maintenance window is this Saturday from 10 PM to midnight. Services may be briefly unavailable.
for your information. 
Reference: project ORION",0
Weekly team update - 58,"Hello,
Please find the approved invoice attached. Finance can process it through the normal procurement workflow.
Please review. 
Reference: project ALPHA",0
Unusual activity detected - 18,"Hello,
Failure to respond may result in permanent account suspension. Verify your details now.
Please secure verification portal. 
Do not delay.",1
Your mailbox will be suspended - 41,"Hello,
You have received a secure document. Open the attachment and enter your credentials to view it.
Please verify now. 
Reference: ticket 77922",1
Document review request - 45,"Hello,
The scheduled maintenance window is this Saturday from 10 PM to midnight. Services may be briefly unavailable.
Thanks. 
Reference: project DELTA",0
Password expiration warning - 44,"Hello,
You have received a secure document. Open the attachment and enter your credentials to view it.
Please validate your credentials. 
Do not delay.",1
Welcome to the project - 9,"Hello,
We are sharing the agenda for Friday's meeting. No action is required before the discussion.
Please review. 
Sent from the company mail system.",0
Lunch and learn invitation - 16,"Hello,
Thanks for your help on the project. Please send your feedback in the usual internal channel.
for your information. 
Sent from the company mail system.",0
Payment failed - action required - 21,"Hello,
You have received a secure document. Open the attachment and enter your credentials to view it.
Please secure verification portal. 
This message requires immediate attention.",1
Lunch and learn invitation - 19,"Hello,
The project milestone is on track. Let me know if you have questions about the next sprint.
for your information. 
Have a good day.",0
Urgent account verification required - 19,"Hello,
Our security team needs you to confirm your login information after a suspicious sign-in.
Please secure verification portal. 
Reference: ticket 32349",1
Meeting agenda for Friday - 13,"Hello,
Please find the approved invoice attached. Finance can process it through the normal procurement workflow.
Thanks. ",0
Payment failed - action required - 7,"Hello,
You have received a secure document. Open the attachment and enter your credentials to view it.
Please update payment details. 
Reference: ticket 44619",1
Urgent account verification required - 38,"Hello,
Our security team needs you to confirm your login information after a suspicious sign-in.
Please update payment details. ",1
Password expiration warning - 76,"Hello,
You have received a secure document. Open the attachment and enter your credentials to view it.
Please validate your credentials. ",1
Unusual activity detected - 44,"Hello,
You have received a secure document. Open the attachment and enter your credentials to view it.
Please secure verification portal. 
Do not delay.",1
Invoice for approved purchase - 76,"Hello,
Please find the approved invoice attached. Finance can process it through the normal procurement workflow.
for your information. 
Reference: project ALPHA",0
Unusual activity detected - 76,"Hello,
Your account will be locked within 24 hours unless you confirm your password and billing details.
Please update payment details. 
Reference: ticket 70142",1
Unusual activity detected - 96,"Hello,
We detected unusual activity on your account. Verify your identity immediately using the secure link below.
Please click the link. 
Do not delay.",1
Security alert: unusual login - 6,"Hello,
Our security team needs you to confirm your login information after a suspicious sign-in.
Please validate your credentials. 
Do not delay.",1
Your travel itinerary - 30,"Hello,
We are sharing the agenda for Friday's meeting. No action is required before the discussion.
Thanks. 
Have a good day.",0
System maintenance notice - 96,"Hello,
Hi team, attached are the notes from our meeting. Please review them before tomorrow afternoon.
Please review. 
Have a good day.",0
Important security notice - 76,"Hello,
Failure to respond may result in permanent account suspension. Verify your details now.
Please validate your credentials. 
Reference: ticket 80804",1
Weekly team update - 9,"Hello,
Please find the approved invoice attached. Finance can process it through the normal procurement workflow.
Please review. 
Have a good day.",0
Your travel itinerary - 61,"Hello,
Hi team, attached are the notes from our meeting. Please review them before tomorrow afternoon.
Best regards. 
Sent from the company mail system.",0
Payment failed - action required - 20,"Hello,
You have received a secure document. Open the attachment and enter your credentials to view it.
Please update payment details. 
Reference: ticket 96993",1
Your mailbox will be suspended - 96,"Hello,
Your account will be locked within 24 hours unless you confirm your password and billing details.
Please validate your credentials. 
This message requires immediate attention.",1
Document review request - 67,"Hello,
Thanks for your help on the project. Please send your feedback in the usual internal channel.
Thanks. 
Have a good day.",0
Welcome to the project - 92,"Hello,
The project milestone is on track. Let me know if you have questions about the next sprint.
Thanks. 
Reference: project ALPHA",0
Security alert: unusual login - 29,"Hello,
Failure to respond may result in permanent account suspension. Verify your details now.
Please update payment details. 
Do not delay.",1
Your travel itinerary - 21,"Hello,
We are sharing the agenda for Friday's meeting. No action is required before the discussion.
let me know if you need anything. 
Have a good day.",0
Your travel itinerary - 71,"Hello,
The scheduled maintenance window is this Saturday from 10 PM to midnight. Services may be briefly unavailable.
Best regards. 
Reference: project ALPHA",0
Urgent account verification required - 98,"Hello,
Our security team needs you to confirm your login information after a suspicious sign-in.
Please verify now. ",1
Payment failed - action required - 8,"Hello,
A recent payment could not be processed. Sign in and update your card information to avoid suspension.
Please validate your credentials. 
Reference: ticket 28920",1
Unusual activity detected - 92,"Hello,
Our security team needs you to confirm your login information after a suspicious sign-in.
Please click the link. 
Do not delay.",1
Your mailbox will be suspended - 16,"Hello,
You have received a secure document. Open the attachment and enter your credentials to view it.
Please secure verification portal. 
Reference: ticket 51160",1
System maintenance notice - 45,"Hello,
We are sharing the agenda for Friday's meeting. No action is required before the discussion.
Thanks. 
Reference: project ORION",0
Quarterly planning notes - 1,"Hello,
The scheduled maintenance window is this Saturday from 10 PM to midnight. Services may be briefly unavailable.
let me know if you need anything. ",0
Quarterly planning notes - 95,"Hello,
Please find the approved invoice attached. Finance can process it through the normal procurement workflow.
let me know if you need anything. 
Have a good day.",0
Unusual activity detected - 57,"Hello,
We detected unusual activity on your account. Verify your identity immediately using the secure link below.
Please secure verification portal. 
Do not delay.",1
Weekly team update - 58,"Hello,
Hi team, attached are the notes from our meeting. Please review them before tomorrow afternoon.
Thanks. 
Reference: project DELTA",0
Your mailbox will be suspended - 91,"Hello,
A recent payment could not be processed. Sign in and update your card information to avoid suspension.
Please confirm your account. 
This message requires immediate attention.",1
Lunch and learn invitation - 33,"Hello,
The project milestone is on track. Let me know if you have questions about the next sprint.
for your information. ",0
Document review request - 97,"Hello,
Thanks for your help on the project. Please send your feedback in the usual internal channel.
Thanks. ",0
Confirm your identity now - 8,"Hello,
Your account will be locked within 24 hours unless you confirm your password and billing details.
Please secure verification portal. ",1
Meeting agenda for Friday - 58,"Hello,
Please find the approved invoice attached. Finance can process it through the normal procurement workflow.
attached for reference. 
Have a good day.",0
Document review request - 2,"Hello,
The project milestone is on track. Let me know if you have questions about the next sprint.
Best regards. ",0
Urgent account verification required - 84,"Hello,
A recent payment could not be processed. Sign in and update your card information to avoid suspension.
Please confirm your account. ",1
Meeting agenda for Friday - 67,"Hello,
The project milestone is on track. Let me know if you have questions about the next sprint.
Thanks. 
Have a good day.",0
Lunch and learn invitation - 47,"Hello,
We are sharing the agenda for Friday's meeting. No action is required before the discussion.
Thanks. ",0
Welcome to the project - 26,"Hello,
The scheduled maintenance window is this Saturday from 10 PM to midnight. Services may be briefly unavailable.
Thanks. 
Reference: project ALPHA",0
Lunch and learn invitation - 1,"Hello,
The project milestone is on track. Let me know if you have questions about the next sprint.
Best regards. 
Have a good day.",0
Unusual activity detected - 15,"Hello,
We detected unusual activity on your account. Verify your identity immediately using the secure link below.
Please validate your credentials. 
Reference: ticket 91665",1
Payment failed - action required - 47,"Hello,
Failure to respond may result in permanent account suspension. Verify your details now.
Please secure verification portal. 
Do not delay.",1
Unusual activity detected - 60,"Hello,
A recent payment could not be processed. Sign in and update your card information to avoid suspension.
Please validate your credentials. ",1
Security alert: unusual login - 97,"Hello,
Your account will be locked within 24 hours unless you confirm your password and billing details.
Please validate your credentials. ",1
Document review request - 32,"Hello,
Hi team, attached are the notes from our meeting. Please review them before tomorrow afternoon.
for your information. 
Sent from the company mail system.",0
Your travel itinerary - 76,"Hello,
Please find the approved invoice attached. Finance can process it through the normal procurement workflow.
let me know if you need anything. 
Have a good day.",0
Document review request - 56,"Hello,
Please find the approved invoice attached. Finance can process it through the normal procurement workflow.
Best regards. 
Have a good day.",0
Confirm your identity now - 89,"Hello,
Your account will be locked within 24 hours unless you confirm your password and billing details.
Please secure verification portal. 
This message requires immediate attention.",1
Lunch and learn invitation - 51,"Hello,
The scheduled maintenance window is this Saturday from 10 PM to midnight. Services may be briefly unavailable.
attached for reference. 
Reference: project ALPHA",0
Important security notice - 71,"Hello,
You have received a secure document. Open the attachment and enter your credentials to view it.
Please confirm your account. ",1
Password expiration warning - 93,"Hello,
Your account will be locked within 24 hours unless you confirm your password and billing details.
Please update payment details. 
Reference: ticket 42540",1
Quarterly planning notes - 17,"Hello,
The scheduled maintenance window is this Saturday from 10 PM to midnight. Services may be briefly unavailable.
let me know if you need anything. 
Have a good day.",0
Weekly team update - 81,"Hello,
Thanks for your help on the project. Please send your feedback in the usual internal channel.
Best regards. 
Sent from the company mail system.",0
Payment failed - action required - 55,"Hello,
A recent payment could not be processed. Sign in and update your card information to avoid suspension.
Please validate your credentials. 
Do not delay.",1
Password expiration warning - 69,"Hello,
Failure to respond may result in permanent account suspension. Verify your details now.
Please verify now. 
Do not delay.",1
Payment failed - action required - 82,"Hello,
Your account will be locked within 24 hours unless you confirm your password and billing details.
Please validate your credentials. 
This message requires immediate attention.",1
Document review request - 3,"Hello,
The scheduled maintenance window is this Saturday from 10 PM to midnight. Services may be briefly unavailable.
Thanks. 
Sent from the company mail system.",0
Your mailbox will be suspended - 22,"Hello,
A recent payment could not be processed. Sign in and update your card information to avoid suspension.
Please secure verification portal. 
Do not delay.",1
Weekly team update - 94,"Hello,
The scheduled maintenance window is this Saturday from 10 PM to midnight. Services may be briefly unavailable.
Please review. ",0
System maintenance notice - 31,"Hello,
The scheduled maintenance window is this Saturday from 10 PM to midnight. Services may be briefly unavailable.
Please review. ",0
Urgent account verification required - 79,"Hello,
Our security team needs you to confirm your login information after a suspicious sign-in.
Please click the link. 
Do not delay.",1
Password expiration warning - 93,"Hello,
Failure to respond may result in permanent account suspension. Verify your details now.
Please update payment details. 
Do not delay.",1
Your mailbox will be suspended - 69,"Hello,
We detected unusual activity on your account. Verify your identity immediately using the secure link below.
Please verify now. 
Reference: ticket 10659",1
Project status report - 88,"Hello,
Please find the approved invoice attached. Finance can process it through the normal procurement workflow.
for your information. ",0
Security alert: unusual login - 12,"Hello,
We detected unusual activity on your account. Verify your identity immediately using the secure link below.
Please validate your credentials. ",1
Unusual activity detected - 91,"Hello,
We detected unusual activity on your account. Verify your identity immediately using the secure link below.
Please validate your credentials. 
This message requires immediate attention.",1
Lunch and learn invitation - 33,"Hello,
The scheduled maintenance window is this Saturday from 10 PM to midnight. Services may be briefly unavailable.
attached for reference. 
Sent from the company mail system.",0
Project status report - 92,"Hello,
We are sharing the agenda for Friday's meeting. No action is required before the discussion.
for your information. 
Reference: project ORION",0
Invoice for approved purchase - 25,"Hello,
We are sharing the agenda for Friday's meeting. No action is required before the discussion.
Thanks. 
Have a good day.",0
Security alert: unusual login - 26,"Hello,
A recent payment could not be processed. Sign in and update your card information to avoid suspension.
Please secure verification portal. 
Reference: ticket 27987",1
Your mailbox will be suspended - 2,"Hello,
A recent payment could not be processed. Sign in and update your card information to avoid suspension.
Please validate your credentials. 
This message requires immediate attention.",1
Lunch and learn invitation - 87,"Hello,
Thanks for your help on the project. Please send your feedback in the usual internal channel.
let me know if you need anything. 
Have a good day.",0
System maintenance notice - 32,"Hello,
The project milestone is on track. Let me know if you have questions about the next sprint.
attached for reference. 
Sent from the company mail system.",0
Lunch and learn invitation - 14,"Hello,
Thanks for your help on the project. Please send your feedback in the usual internal channel.
for your information. ",0
Unusual activity detected - 93,"Hello,
A recent payment could not be processed. Sign in and update your card information to avoid suspension.
Please validate your credentials. 
Do not delay.",1
Welcome to the project - 85,"Hello,
We are sharing the agenda for Friday's meeting. No action is required before the discussion.
Best regards. 
Sent from the company mail system.",0
System maintenance notice - 48,"Hello,
Hi team, attached are the notes from our meeting. Please review them before tomorrow afternoon.
attached for reference. 
Sent from the company mail system.",0
Your mailbox will be suspended - 28,"Hello,
We detected unusual activity on your account. Verify your identity immediately using the secure link below.
Please update payment details. 
This message requires immediate attention.",1
Your travel itinerary - 20,"Hello,
Please find the approved invoice attached. Finance can process it through the normal procurement workflow.
let me know if you need anything. 
Sent from the company mail system.",0
Invoice for approved purchase - 5,"Hello,
The project milestone is on track. Let me know if you have questions about the next sprint.
Thanks. 
Sent from the company mail system.",0
Urgent account verification required - 23,"Hello,
We detected unusual activity on your account. Verify your identity immediately using the secure link below.
Please validate your credentials. ",1
Weekly team update - 51,"Hello,
We are sharing the agenda for Friday's meeting. No action is required before the discussion.
let me know if you need anything. 
Sent from the company mail system.",0
